-- ============================================================
-- シードデータ (自動生成)
-- 日付範囲: 2025-01-01 〜 2026-12-31
-- ============================================================

-- ----------------------------------------------------------
-- departments
-- ----------------------------------------------------------
INSERT INTO departments (id, name, created_at, updated_at) VALUES
    (1, '経営企画部', '2025-01-01 09:00:00', '2025-01-01 09:00:00'),
    (2, '開発部', '2025-01-01 09:00:00', '2025-01-01 09:00:00'),
    (3, '営業部', '2025-01-01 09:00:00', '2025-01-01 09:00:00'),
    (4, '人事部', '2025-01-01 09:00:00', '2025-01-01 09:00:00'),
    (5, 'カスタマーサポート部', '2025-01-01 09:00:00', '2025-01-01 09:00:00'),
    (6, '経理部', '2025-01-01 09:00:00', '2025-01-01 09:00:00'),
    (7, '総務部', '2025-01-01 09:00:00', '2025-01-01 09:00:00'),
    (8, 'マーケティング部', '2025-01-01 09:00:00', '2025-01-01 09:00:00'),
    (9, '品質管理部', '2025-01-01 09:00:00', '2025-01-01 09:00:00'),
    (10, '情報システム部', '2025-01-01 09:00:00', '2025-01-01 09:00:00');

SELECT setval('departments_id_seq', 10);

-- ----------------------------------------------------------
-- employees
-- ----------------------------------------------------------
INSERT INTO employees (id, department_id, last_name, first_name, email, hire_date, is_active, created_at, updated_at) VALUES
    (1, 1, '岡本', '悠真', 'emp0001@example.com', '2025-09-08', TRUE, '2025-09-08 09:00:00', '2025-09-08 09:00:00'),
    (2, 1, '金子', '湊', 'emp0002@example.com', '2025-03-31', TRUE, '2025-03-31 09:00:00', '2025-03-31 09:00:00'),
    (3, 1, '佐藤', '拓海', 'emp0003@example.com', '2025-08-27', TRUE, '2025-08-27 09:00:00', '2025-08-27 09:00:00'),
    (4, 1, '鈴木', '彩葉', 'emp0004@example.com', '2026-03-06', TRUE, '2026-03-06 09:00:00', '2026-03-06 09:00:00'),
    (5, 1, '福田', '太郎', 'emp0005@example.com', '2025-06-13', TRUE, '2025-06-13 09:00:00', '2025-06-13 09:00:00'),
    (6, 2, '橋本', '拓海', 'emp0006@example.com', '2025-12-11', TRUE, '2025-12-11 09:00:00', '2025-12-11 09:00:00'),
    (7, 2, '藤田', '颯真', 'emp0007@example.com', '2025-02-14', TRUE, '2025-02-14 09:00:00', '2025-02-14 09:00:00'),
    (8, 2, '青木', '大和', 'emp0008@example.com', '2025-10-28', TRUE, '2025-10-28 09:00:00', '2025-10-28 09:00:00'),
    (9, 2, '三浦', '莉子', 'emp0009@example.com', '2025-07-16', TRUE, '2025-07-16 09:00:00', '2025-07-16 09:00:00'),
    (10, 2, '佐藤', '葵', 'emp0010@example.com', '2025-08-27', TRUE, '2025-08-27 09:00:00', '2025-08-27 09:00:00'),
    (11, 2, '藤田', '颯真', 'emp0011@example.com', '2025-06-16', TRUE, '2025-06-16 09:00:00', '2025-06-16 09:00:00'),
    (12, 2, '井上', 'さくら', 'emp0012@example.com', '2025-06-25', TRUE, '2025-06-25 09:00:00', '2025-06-25 09:00:00'),
    (13, 2, '林', '大和', 'emp0013@example.com', '2025-08-13', TRUE, '2025-08-13 09:00:00', '2025-08-13 09:00:00'),
    (14, 2, '上田', '陽菜', 'emp0014@example.com', '2025-11-20', TRUE, '2025-11-20 09:00:00', '2025-11-20 09:00:00'),
    (15, 2, '伊藤', '樹', 'emp0015@example.com', '2025-11-19', TRUE, '2025-11-19 09:00:00', '2025-11-19 09:00:00'),
    (16, 2, '斎藤', '悠人', 'emp0016@example.com', '2025-05-27', TRUE, '2025-05-27 09:00:00', '2025-05-27 09:00:00'),
    (17, 2, '林', '彩葉', 'emp0017@example.com', '2026-02-13', TRUE, '2026-02-13 09:00:00', '2026-02-13 09:00:00'),
    (18, 2, '小林', 'さくら', 'emp0018@example.com', '2025-02-18', TRUE, '2025-02-18 09:00:00', '2025-02-18 09:00:00'),
    (19, 2, '加藤', '楓', 'emp0019@example.com', '2025-03-07', TRUE, '2025-03-07 09:00:00', '2025-03-07 09:00:00'),
    (20, 2, '太田', '心春', 'emp0020@example.com', '2025-09-15', TRUE, '2025-09-15 09:00:00', '2025-09-15 09:00:00'),
    (21, 2, '田中', '愛', 'emp0021@example.com', '2025-10-01', TRUE, '2025-10-01 09:00:00', '2025-10-01 09:00:00'),
    (22, 2, '橋本', '陸', 'emp0022@example.com', '2025-06-11', TRUE, '2025-06-11 09:00:00', '2025-06-11 09:00:00'),
    (23, 2, '竹内', '凛', 'emp0023@example.com', '2026-05-28', TRUE, '2026-05-28 09:00:00', '2026-05-28 09:00:00'),
    (24, 2, '坂本', '葵', 'emp0024@example.com', '2026-06-04', TRUE, '2026-06-04 09:00:00', '2026-06-04 09:00:00'),
    (25, 2, '加藤', '隼人', 'emp0025@example.com', '2025-01-01', TRUE, '2025-01-01 09:00:00', '2025-01-01 09:00:00'),
    (26, 2, '斎藤', '颯真', 'emp0026@example.com', '2025-11-11', TRUE, '2025-11-11 09:00:00', '2025-11-11 09:00:00'),
    (27, 2, '林', 'さくら', 'emp0027@example.com', '2026-05-13', TRUE, '2026-05-13 09:00:00', '2026-05-13 09:00:00'),
    (28, 2, '和田', '綾乃', 'emp0028@example.com', '2025-05-12', TRUE, '2025-05-12 09:00:00', '2025-05-12 09:00:00'),
    (29, 2, '藤井', '結翔', 'emp0029@example.com', '2026-03-10', TRUE, '2026-03-10 09:00:00', '2026-03-10 09:00:00'),
    (30, 2, '青木', '結衣', 'emp0030@example.com', '2026-02-13', TRUE, '2026-02-13 09:00:00', '2026-02-13 09:00:00'),
    (31, 3, '松田', '結翔', 'emp0031@example.com', '2026-04-08', TRUE, '2026-04-08 09:00:00', '2026-04-08 09:00:00'),
    (32, 3, '木村', '太郎', 'emp0032@example.com', '2025-08-14', FALSE, '2025-08-14 09:00:00', '2026-11-09 18:00:00'),
    (33, 3, '岡本', '大輔', 'emp0033@example.com', '2025-12-05', FALSE, '2025-12-05 09:00:00', '2026-06-22 18:00:00'),
    (34, 3, '青木', '樹', 'emp0034@example.com', '2026-04-30', TRUE, '2026-04-30 09:00:00', '2026-04-30 09:00:00'),
    (35, 3, '石井', '結衣', 'emp0035@example.com', '2025-04-07', TRUE, '2025-04-07 09:00:00', '2025-04-07 09:00:00'),
    (36, 3, '長谷川', '陸', 'emp0036@example.com', '2026-04-24', TRUE, '2026-04-24 09:00:00', '2026-04-24 09:00:00'),
    (37, 3, '高橋', '愛', 'emp0037@example.com', '2025-03-04', TRUE, '2025-03-04 09:00:00', '2025-03-04 09:00:00'),
    (38, 3, '橋本', '愛', 'emp0038@example.com', '2025-09-12', TRUE, '2025-09-12 09:00:00', '2025-09-12 09:00:00'),
    (39, 3, '青木', '陸', 'emp0039@example.com', '2025-07-07', TRUE, '2025-07-07 09:00:00', '2025-07-07 09:00:00'),
    (40, 3, '林', 'さくら', 'emp0040@example.com', '2026-03-30', TRUE, '2026-03-30 09:00:00', '2026-03-30 09:00:00'),
    (41, 3, '藤井', '湊', 'emp0041@example.com', '2025-01-16', TRUE, '2025-01-16 09:00:00', '2025-01-16 09:00:00'),
    (42, 3, '和田', '真由', 'emp0042@example.com', '2026-05-13', TRUE, '2026-05-13 09:00:00', '2026-05-13 09:00:00'),
    (43, 3, '後藤', '真由', 'emp0043@example.com', '2025-01-03', TRUE, '2025-01-03 09:00:00', '2025-01-03 09:00:00'),
    (44, 3, '清水', '詩', 'emp0044@example.com', '2025-10-20', TRUE, '2025-10-20 09:00:00', '2025-10-20 09:00:00'),
    (45, 3, '竹内', '彩葉', 'emp0045@example.com', '2026-05-14', TRUE, '2026-05-14 09:00:00', '2026-05-14 09:00:00'),
    (46, 3, '阿部', '健一', 'emp0046@example.com', '2025-03-04', TRUE, '2025-03-04 09:00:00', '2025-03-04 09:00:00'),
    (47, 3, '高橋', '朝陽', 'emp0047@example.com', '2025-06-11', FALSE, '2025-06-11 09:00:00', '2026-05-27 18:00:00'),
    (48, 3, '渡辺', 'さくら', 'emp0048@example.com', '2025-03-11', TRUE, '2025-03-11 09:00:00', '2025-03-11 09:00:00'),
    (49, 3, '林', '樹', 'emp0049@example.com', '2025-09-10', TRUE, '2025-09-10 09:00:00', '2025-09-10 09:00:00'),
    (50, 3, '佐藤', '楓', 'emp0050@example.com', '2025-11-20', TRUE, '2025-11-20 09:00:00', '2025-11-20 09:00:00'),
    (51, 4, '井上', '紬', 'emp0051@example.com', '2025-09-02', TRUE, '2025-09-02 09:00:00', '2025-09-02 09:00:00'),
    (52, 4, '小林', '葵', 'emp0052@example.com', '2026-04-14', TRUE, '2026-04-14 09:00:00', '2026-04-14 09:00:00'),
    (53, 4, '和田', '花子', 'emp0053@example.com', '2026-04-15', TRUE, '2026-04-15 09:00:00', '2026-04-15 09:00:00'),
    (54, 4, '西村', 'さくら', 'emp0054@example.com', '2025-08-07', TRUE, '2025-08-07 09:00:00', '2025-08-07 09:00:00'),
    (55, 4, '小林', 'さくら', 'emp0055@example.com', '2025-09-08', TRUE, '2025-09-08 09:00:00', '2025-09-08 09:00:00'),
    (56, 5, '吉田', '湊', 'emp0056@example.com', '2025-11-06', TRUE, '2025-11-06 09:00:00', '2025-11-06 09:00:00'),
    (57, 5, '松田', '彩葉', 'emp0057@example.com', '2025-11-03', TRUE, '2025-11-03 09:00:00', '2025-11-03 09:00:00'),
    (58, 5, '山本', '綾乃', 'emp0058@example.com', '2025-04-29', TRUE, '2025-04-29 09:00:00', '2025-04-29 09:00:00'),
    (59, 5, '金子', '凛', 'emp0059@example.com', '2025-10-16', TRUE, '2025-10-16 09:00:00', '2025-10-16 09:00:00'),
    (60, 5, '小川', '悠真', 'emp0060@example.com', '2026-06-02', TRUE, '2026-06-02 09:00:00', '2026-06-02 09:00:00'),
    (61, 5, '高橋', '陸', 'emp0061@example.com', '2025-12-08', TRUE, '2025-12-08 09:00:00', '2025-12-08 09:00:00'),
    (62, 5, '岡本', '真由', 'emp0062@example.com', '2025-01-10', TRUE, '2025-01-10 09:00:00', '2025-01-10 09:00:00'),
    (63, 5, '原田', '彩葉', 'emp0063@example.com', '2025-02-06', TRUE, '2025-02-06 09:00:00', '2025-02-06 09:00:00'),
    (64, 5, '福田', '楓', 'emp0064@example.com', '2025-02-12', TRUE, '2025-02-12 09:00:00', '2025-02-12 09:00:00'),
    (65, 5, '佐藤', '結衣', 'emp0065@example.com', '2025-04-16', TRUE, '2025-04-16 09:00:00', '2025-04-16 09:00:00'),
    (66, 6, '藤井', '楓', 'emp0066@example.com', '2025-06-16', TRUE, '2025-06-16 09:00:00', '2025-06-16 09:00:00'),
    (67, 6, '松本', '花子', 'emp0067@example.com', '2025-07-03', TRUE, '2025-07-03 09:00:00', '2025-07-03 09:00:00'),
    (68, 6, '橋本', '楓', 'emp0068@example.com', '2025-09-12', TRUE, '2025-09-12 09:00:00', '2025-09-12 09:00:00'),
    (69, 6, '原田', '健一', 'emp0069@example.com', '2026-04-27', TRUE, '2026-04-27 09:00:00', '2026-04-27 09:00:00'),
    (70, 6, '近藤', '蓮', 'emp0070@example.com', '2025-07-17', TRUE, '2025-07-17 09:00:00', '2025-07-17 09:00:00'),
    (71, 6, '山口', '凛', 'emp0071@example.com', '2025-12-26', TRUE, '2025-12-26 09:00:00', '2025-12-26 09:00:00'),
    (72, 6, '後藤', '彩葉', 'emp0072@example.com', '2025-01-29', TRUE, '2025-01-29 09:00:00', '2025-01-29 09:00:00'),
    (73, 6, '清水', '悠真', 'emp0073@example.com', '2025-04-22', TRUE, '2025-04-22 09:00:00', '2025-04-22 09:00:00'),
    (74, 7, '石川', '紬', 'emp0074@example.com', '2026-03-23', TRUE, '2026-03-23 09:00:00', '2026-03-23 09:00:00'),
    (75, 7, '坂本', '樹', 'emp0075@example.com', '2025-07-14', TRUE, '2025-07-14 09:00:00', '2025-07-14 09:00:00'),
    (76, 7, '小川', '結翔', 'emp0076@example.com', '2025-07-21', TRUE, '2025-07-21 09:00:00', '2025-07-21 09:00:00'),
    (77, 7, '伊藤', '紬', 'emp0077@example.com', '2025-11-18', TRUE, '2025-11-18 09:00:00', '2025-11-18 09:00:00'),
    (78, 7, '中村', '葵', 'emp0078@example.com', '2026-06-04', TRUE, '2026-06-04 09:00:00', '2026-06-04 09:00:00'),
    (79, 8, '岡田', '陽翔', 'emp0079@example.com', '2025-07-16', TRUE, '2025-07-16 09:00:00', '2025-07-16 09:00:00'),
    (80, 8, '藤田', '真由', 'emp0080@example.com', '2025-11-05', TRUE, '2025-11-05 09:00:00', '2025-11-05 09:00:00'),
    (81, 8, '田中', '拓海', 'emp0081@example.com', '2026-03-17', TRUE, '2026-03-17 09:00:00', '2026-03-17 09:00:00'),
    (82, 8, '太田', '詩', 'emp0082@example.com', '2025-08-07', TRUE, '2025-08-07 09:00:00', '2025-08-07 09:00:00'),
    (83, 8, '金子', '大輔', 'emp0083@example.com', '2026-06-12', TRUE, '2026-06-12 09:00:00', '2026-06-12 09:00:00'),
    (84, 8, '三浦', '蓮', 'emp0084@example.com', '2025-11-14', TRUE, '2025-11-14 09:00:00', '2025-11-14 09:00:00'),
    (85, 8, '山田', '健一', 'emp0085@example.com', '2025-09-08', TRUE, '2025-09-08 09:00:00', '2025-09-08 09:00:00'),
    (86, 8, '三浦', 'さくら', 'emp0086@example.com', '2026-01-29', TRUE, '2026-01-29 09:00:00', '2026-01-29 09:00:00'),
    (87, 8, '林', '太郎', 'emp0087@example.com', '2026-03-12', TRUE, '2026-03-12 09:00:00', '2026-03-12 09:00:00'),
    (88, 8, '原田', '美咲', 'emp0088@example.com', '2025-05-05', TRUE, '2025-05-05 09:00:00', '2025-05-05 09:00:00'),
    (89, 9, '近藤', '彩葉', 'emp0089@example.com', '2025-11-21', TRUE, '2025-11-21 09:00:00', '2025-11-21 09:00:00'),
    (90, 9, '村上', '心春', 'emp0090@example.com', '2026-03-13', TRUE, '2026-03-13 09:00:00', '2026-03-13 09:00:00'),
    (91, 9, '藤井', '隼人', 'emp0091@example.com', '2026-04-06', TRUE, '2026-04-06 09:00:00', '2026-04-06 09:00:00'),
    (92, 9, '林', '凛', 'emp0092@example.com', '2026-06-18', TRUE, '2026-06-18 09:00:00', '2026-06-18 09:00:00'),
    (93, 9, '林', '大輔', 'emp0093@example.com', '2025-10-20', TRUE, '2025-10-20 09:00:00', '2025-10-20 09:00:00'),
    (94, 10, '橋本', '湊', 'emp0094@example.com', '2025-03-24', TRUE, '2025-03-24 09:00:00', '2025-03-24 09:00:00'),
    (95, 10, '木村', '竜也', 'emp0095@example.com', '2025-08-08', FALSE, '2025-08-08 09:00:00', '2026-06-02 18:00:00'),
    (96, 10, '橋本', '楓', 'emp0096@example.com', '2025-03-05', TRUE, '2025-03-05 09:00:00', '2025-03-05 09:00:00'),
    (97, 10, '岡田', '樹', 'emp0097@example.com', '2025-01-21', TRUE, '2025-01-21 09:00:00', '2025-01-21 09:00:00'),
    (98, 10, '和田', '琴音', 'emp0098@example.com', '2025-01-07', TRUE, '2025-01-07 09:00:00', '2025-01-07 09:00:00'),
    (99, 10, '森', '楓', 'emp0099@example.com', '2025-08-14', TRUE, '2025-08-14 09:00:00', '2025-08-14 09:00:00'),
    (100, 10, '山口', '太郎', 'emp0100@example.com', '2026-02-03', TRUE, '2026-02-03 09:00:00', '2026-02-03 09:00:00');

SELECT setval('employees_id_seq', 100);

-- ----------------------------------------------------------
-- projects
-- ----------------------------------------------------------
INSERT INTO projects (id, name, description, status, start_date, end_date, created_at, updated_at) VALUES
    (1, '社内ポータルリニューアル', '老朽化した社内ポータルサイトを刷新する', 'active', '2026-02-19', '2026-08-12', '2026-01-31 10:00:00', '2026-02-19 09:00:00'),
    (2, 'モバイルアプリ開発', '顧客向けモバイルアプリの新規開発', 'completed', '2025-01-28', '2025-11-15', '2025-01-21 10:00:00', '2025-11-15 09:00:00'),
    (3, '営業支援ツール導入', 'SFA ツールの選定・導入・研修', 'completed', '2025-05-19', '2026-04-10', '2025-05-13 10:00:00', '2026-04-10 09:00:00'),
    (4, 'データ分析基盤構築', '社内データの統合分析基盤を構築する', 'active', '2025-09-24', '2026-07-05', '2025-09-09 10:00:00', '2025-09-24 09:00:00'),
    (5, 'カスタマーサポート改善', 'サポート品質向上のためのプロセス改善', 'active', '2025-08-05', '2026-06-23', '2025-07-21 10:00:00', '2025-08-05 09:00:00'),
    (6, '新卒採用サイト構築', '新卒採用サイトの企画・開発', 'active', '2025-12-12', '2026-09-22', '2025-11-29 10:00:00', '2025-12-12 09:00:00'),
    (7, '社内チャットシステム導入', '社内コミュニケーション基盤を刷新', 'archived', '2025-09-16', '2026-01-25', '2025-09-11 10:00:00', '2026-01-25 09:00:00'),
    (8, '顧客管理システム刷新', 'CRM システムのリプレイス', 'active', '2025-12-25', '2026-07-17', '2025-12-18 10:00:00', '2025-12-25 09:00:00'),
    (9, '在庫管理システム改修', '在庫管理の精度向上とリアルタイム化', 'completed', '2025-02-11', '2025-05-27', '2025-01-31 10:00:00', '2025-05-27 09:00:00'),
    (10, 'EC サイト構築', '自社 EC サイトの新規構築', 'completed', '2025-01-21', '2025-07-08', '2025-01-12 10:00:00', '2025-07-08 09:00:00'),
    (11, '社員研修プラットフォーム', 'オンライン研修システムの構築', 'active', '2026-04-30', '2026-09-25', '2026-04-19 10:00:00', '2026-04-30 09:00:00'),
    (12, '勤怠管理システム移行', '旧勤怠システムからクラウドへ移行', 'active', '2026-04-22', '2026-11-29', '2026-04-06 10:00:00', '2026-04-22 09:00:00'),
    (13, 'BI ダッシュボード開発', '経営層向け BI ダッシュボードの開発', 'archived', '2025-04-28', '2025-10-18', '2025-04-20 10:00:00', '2025-10-18 09:00:00'),
    (14, 'API ゲートウェイ構築', 'マイクロサービス向け API ゲートウェイの構築', 'archived', '2025-01-27', '2025-10-03', '2025-01-10 10:00:00', '2025-10-03 09:00:00'),
    (15, 'セキュリティ監査対応', '情報セキュリティ監査への対応と改善', 'completed', '2025-07-23', '2025-11-28', '2025-07-15 10:00:00', '2025-11-28 09:00:00'),
    (16, 'ドキュメント管理基盤', '社内ドキュメントの一元管理システム構築', 'completed', '2025-11-05', '2026-04-05', '2025-10-20 10:00:00', '2026-04-05 09:00:00'),
    (17, 'ワークフローシステム導入', '申請・承認ワークフローの電子化', 'active', '2026-06-30', '2026-12-31', '2026-06-14 10:00:00', '2026-06-30 09:00:00'),
    (18, 'メールマーケティング基盤', 'メール配信基盤の構築と運用自動化', 'archived', '2025-03-12', '2026-02-24', '2025-03-07 10:00:00', '2026-02-24 09:00:00'),
    (19, '障害監視システム強化', 'インフラ・アプリの障害監視を強化', 'active', '2026-03-20', '2026-12-20', '2026-03-01 10:00:00', '2026-03-20 09:00:00'),
    (20, 'データマイグレーション', '旧システムから新システムへのデータ移行', 'completed', '2025-06-06', '2026-04-14', '2025-05-24 10:00:00', '2026-04-14 09:00:00');

SELECT setval('projects_id_seq', 20);

-- ----------------------------------------------------------
-- project_members
-- ----------------------------------------------------------
INSERT INTO project_members (id, project_id, employee_id, role, joined_at, created_at, updated_at) VALUES
    (1, 1, 63, 'manager', '2026-02-26', '2026-02-26 09:00:00', '2026-02-26 09:00:00'),
    (2, 1, 59, 'reviewer', '2026-03-09', '2026-03-09 09:00:00', '2026-03-09 09:00:00'),
    (3, 1, 98, 'reviewer', '2026-03-01', '2026-03-01 09:00:00', '2026-03-01 09:00:00'),
    (4, 1, 79, 'member', '2026-03-06', '2026-03-06 09:00:00', '2026-03-06 09:00:00'),
    (5, 1, 37, 'member', '2026-02-24', '2026-02-24 09:00:00', '2026-02-24 09:00:00'),
    (6, 1, 44, 'reviewer', '2026-02-25', '2026-02-25 09:00:00', '2026-02-25 09:00:00'),
    (7, 1, 34, 'member', '2026-03-16', '2026-03-16 09:00:00', '2026-03-16 09:00:00'),
    (8, 1, 12, 'member', '2026-03-01', '2026-03-01 09:00:00', '2026-03-01 09:00:00'),
    (9, 1, 38, 'member', '2026-03-19', '2026-03-19 09:00:00', '2026-03-19 09:00:00'),
    (10, 1, 61, 'member', '2026-03-08', '2026-03-08 09:00:00', '2026-03-08 09:00:00'),
    (11, 2, 70, 'manager', '2025-02-04', '2025-02-04 09:00:00', '2025-02-04 09:00:00'),
    (12, 2, 25, 'reviewer', '2025-02-12', '2025-02-12 09:00:00', '2025-02-12 09:00:00'),
    (13, 2, 11, 'member', '2025-02-19', '2025-02-19 09:00:00', '2025-02-19 09:00:00'),
    (14, 3, 86, 'manager', '2025-05-26', '2025-05-26 09:00:00', '2025-05-26 09:00:00'),
    (15, 3, 96, 'member', '2025-06-09', '2025-06-09 09:00:00', '2025-06-09 09:00:00'),
    (16, 3, 66, 'member', '2025-06-03', '2025-06-03 09:00:00', '2025-06-03 09:00:00'),
    (17, 3, 61, 'member', '2025-06-01', '2025-06-01 09:00:00', '2025-06-01 09:00:00'),
    (18, 3, 3, 'member', '2025-05-30', '2025-05-30 09:00:00', '2025-05-30 09:00:00'),
    (19, 3, 12, 'reviewer', '2025-05-27', '2025-05-27 09:00:00', '2025-05-27 09:00:00'),
    (20, 3, 40, 'member', '2025-05-27', '2025-05-27 09:00:00', '2025-05-27 09:00:00'),
    (21, 3, 29, 'member', '2025-05-22', '2025-05-22 09:00:00', '2025-05-22 09:00:00'),
    (22, 3, 55, 'member', '2025-05-29', '2025-05-29 09:00:00', '2025-05-29 09:00:00'),
    (23, 3, 92, 'member', '2025-06-11', '2025-06-11 09:00:00', '2025-06-11 09:00:00'),
    (24, 4, 25, 'manager', '2025-10-17', '2025-10-17 09:00:00', '2025-10-17 09:00:00'),
    (25, 4, 28, 'member', '2025-09-27', '2025-09-27 09:00:00', '2025-09-27 09:00:00'),
    (26, 4, 99, 'member', '2025-10-03', '2025-10-03 09:00:00', '2025-10-03 09:00:00'),
    (27, 4, 65, 'member', '2025-10-05', '2025-10-05 09:00:00', '2025-10-05 09:00:00'),
    (28, 4, 38, 'member', '2025-10-03', '2025-10-03 09:00:00', '2025-10-03 09:00:00'),
    (29, 5, 94, 'manager', '2025-08-13', '2025-08-13 09:00:00', '2025-08-13 09:00:00'),
    (30, 5, 72, 'member', '2025-08-06', '2025-08-06 09:00:00', '2025-08-06 09:00:00'),
    (31, 5, 17, 'member', '2025-08-27', '2025-08-27 09:00:00', '2025-08-27 09:00:00'),
    (32, 6, 85, 'manager', '2025-12-21', '2025-12-21 09:00:00', '2025-12-21 09:00:00'),
    (33, 6, 66, 'reviewer', '2025-12-27', '2025-12-27 09:00:00', '2025-12-27 09:00:00'),
    (34, 6, 14, 'reviewer', '2025-12-22', '2025-12-22 09:00:00', '2025-12-22 09:00:00'),
    (35, 6, 2, 'member', '2026-01-11', '2026-01-11 09:00:00', '2026-01-11 09:00:00'),
    (36, 6, 77, 'member', '2025-12-20', '2025-12-20 09:00:00', '2025-12-20 09:00:00'),
    (37, 7, 15, 'manager', '2025-09-20', '2025-09-20 09:00:00', '2025-09-20 09:00:00'),
    (38, 7, 9, 'member', '2025-09-18', '2025-09-18 09:00:00', '2025-09-18 09:00:00'),
    (39, 7, 55, 'member', '2025-09-19', '2025-09-19 09:00:00', '2025-09-19 09:00:00'),
    (40, 7, 66, 'reviewer', '2025-10-05', '2025-10-05 09:00:00', '2025-10-05 09:00:00'),
    (41, 7, 10, 'member', '2025-10-10', '2025-10-10 09:00:00', '2025-10-10 09:00:00'),
    (42, 7, 77, 'reviewer', '2025-09-30', '2025-09-30 09:00:00', '2025-09-30 09:00:00'),
    (43, 7, 84, 'reviewer', '2025-09-25', '2025-09-25 09:00:00', '2025-09-25 09:00:00'),
    (44, 7, 91, 'reviewer', '2025-09-25', '2025-09-25 09:00:00', '2025-09-25 09:00:00'),
    (45, 7, 7, 'member', '2025-10-05', '2025-10-05 09:00:00', '2025-10-05 09:00:00'),
    (46, 7, 20, 'member', '2025-10-16', '2025-10-16 09:00:00', '2025-10-16 09:00:00'),
    (47, 8, 84, 'manager', '2026-01-01', '2026-01-01 09:00:00', '2026-01-01 09:00:00'),
    (48, 8, 28, 'member', '2026-01-11', '2026-01-11 09:00:00', '2026-01-11 09:00:00'),
    (49, 8, 36, 'member', '2025-12-30', '2025-12-30 09:00:00', '2025-12-30 09:00:00'),
    (50, 8, 88, 'member', '2026-01-07', '2026-01-07 09:00:00', '2026-01-07 09:00:00'),
    (51, 8, 11, 'reviewer', '2026-01-16', '2026-01-16 09:00:00', '2026-01-16 09:00:00'),
    (52, 8, 21, 'reviewer', '2026-01-03', '2026-01-03 09:00:00', '2026-01-03 09:00:00'),
    (53, 9, 30, 'manager', '2025-02-20', '2025-02-20 09:00:00', '2025-02-20 09:00:00'),
    (54, 9, 39, 'reviewer', '2025-02-13', '2025-02-13 09:00:00', '2025-02-13 09:00:00'),
    (55, 9, 94, 'member', '2025-03-12', '2025-03-12 09:00:00', '2025-03-12 09:00:00'),
    (56, 10, 84, 'manager', '2025-01-28', '2025-01-28 09:00:00', '2025-01-28 09:00:00'),
    (57, 10, 79, 'member', '2025-02-19', '2025-02-19 09:00:00', '2025-02-19 09:00:00'),
    (58, 10, 88, 'member', '2025-02-16', '2025-02-16 09:00:00', '2025-02-16 09:00:00'),
    (59, 10, 26, 'member', '2025-01-23', '2025-01-23 09:00:00', '2025-01-23 09:00:00'),
    (60, 10, 58, 'member', '2025-01-26', '2025-01-26 09:00:00', '2025-01-26 09:00:00'),
    (61, 10, 15, 'member', '2025-02-09', '2025-02-09 09:00:00', '2025-02-09 09:00:00'),
    (62, 10, 73, 'member', '2025-02-04', '2025-02-04 09:00:00', '2025-02-04 09:00:00'),
    (63, 11, 63, 'manager', '2026-05-12', '2026-05-12 09:00:00', '2026-05-12 09:00:00'),
    (64, 11, 92, 'member', '2026-05-16', '2026-05-16 09:00:00', '2026-05-16 09:00:00'),
    (65, 11, 41, 'reviewer', '2026-05-14', '2026-05-14 09:00:00', '2026-05-14 09:00:00'),
    (66, 11, 93, 'member', '2026-05-19', '2026-05-19 09:00:00', '2026-05-19 09:00:00'),
    (67, 12, 59, 'manager', '2026-05-11', '2026-05-11 09:00:00', '2026-05-11 09:00:00'),
    (68, 12, 99, 'member', '2026-04-22', '2026-04-22 09:00:00', '2026-04-22 09:00:00'),
    (69, 12, 44, 'member', '2026-04-29', '2026-04-29 09:00:00', '2026-04-29 09:00:00'),
    (70, 13, 90, 'manager', '2025-04-29', '2025-04-29 09:00:00', '2025-04-29 09:00:00'),
    (71, 13, 37, 'member', '2025-05-13', '2025-05-13 09:00:00', '2025-05-13 09:00:00'),
    (72, 13, 77, 'reviewer', '2025-05-27', '2025-05-27 09:00:00', '2025-05-27 09:00:00'),
    (73, 14, 24, 'manager', '2025-02-07', '2025-02-07 09:00:00', '2025-02-07 09:00:00'),
    (74, 14, 78, 'reviewer', '2025-02-06', '2025-02-06 09:00:00', '2025-02-06 09:00:00'),
    (75, 14, 59, 'member', '2025-02-17', '2025-02-17 09:00:00', '2025-02-17 09:00:00'),
    (76, 14, 85, 'member', '2025-02-23', '2025-02-23 09:00:00', '2025-02-23 09:00:00'),
    (77, 14, 66, 'member', '2025-02-06', '2025-02-06 09:00:00', '2025-02-06 09:00:00'),
    (78, 14, 12, 'reviewer', '2025-02-18', '2025-02-18 09:00:00', '2025-02-18 09:00:00'),
    (79, 14, 64, 'reviewer', '2025-02-05', '2025-02-05 09:00:00', '2025-02-05 09:00:00'),
    (80, 15, 74, 'manager', '2025-08-19', '2025-08-19 09:00:00', '2025-08-19 09:00:00'),
    (81, 15, 5, 'member', '2025-08-13', '2025-08-13 09:00:00', '2025-08-13 09:00:00'),
    (82, 15, 62, 'reviewer', '2025-08-05', '2025-08-05 09:00:00', '2025-08-05 09:00:00'),
    (83, 15, 12, 'member', '2025-07-29', '2025-07-29 09:00:00', '2025-07-29 09:00:00'),
    (84, 15, 43, 'member', '2025-08-11', '2025-08-11 09:00:00', '2025-08-11 09:00:00'),
    (85, 15, 35, 'reviewer', '2025-08-12', '2025-08-12 09:00:00', '2025-08-12 09:00:00'),
    (86, 15, 44, 'reviewer', '2025-08-16', '2025-08-16 09:00:00', '2025-08-16 09:00:00'),
    (87, 15, 15, 'member', '2025-07-29', '2025-07-29 09:00:00', '2025-07-29 09:00:00'),
    (88, 15, 55, 'member', '2025-08-09', '2025-08-09 09:00:00', '2025-08-09 09:00:00'),
    (89, 16, 39, 'manager', '2025-11-05', '2025-11-05 09:00:00', '2025-11-05 09:00:00'),
    (90, 16, 60, 'member', '2025-11-27', '2025-11-27 09:00:00', '2025-11-27 09:00:00'),
    (91, 16, 93, 'member', '2025-11-14', '2025-11-14 09:00:00', '2025-11-14 09:00:00'),
    (92, 16, 66, 'member', '2025-11-22', '2025-11-22 09:00:00', '2025-11-22 09:00:00'),
    (93, 16, 16, 'reviewer', '2025-11-07', '2025-11-07 09:00:00', '2025-11-07 09:00:00'),
    (94, 17, 15, 'manager', '2026-07-29', '2026-07-29 09:00:00', '2026-07-29 09:00:00'),
    (95, 17, 63, 'member', '2026-07-16', '2026-07-16 09:00:00', '2026-07-16 09:00:00'),
    (96, 17, 16, 'member', '2026-07-13', '2026-07-13 09:00:00', '2026-07-13 09:00:00'),
    (97, 17, 86, 'reviewer', '2026-07-15', '2026-07-15 09:00:00', '2026-07-15 09:00:00'),
    (98, 17, 20, 'member', '2026-07-14', '2026-07-14 09:00:00', '2026-07-14 09:00:00'),
    (99, 17, 67, 'member', '2026-07-12', '2026-07-12 09:00:00', '2026-07-12 09:00:00'),
    (100, 18, 80, 'manager', '2025-04-05', '2025-04-05 09:00:00', '2025-04-05 09:00:00'),
    (101, 18, 69, 'reviewer', '2025-03-22', '2025-03-22 09:00:00', '2025-03-22 09:00:00'),
    (102, 18, 100, 'member', '2025-04-07', '2025-04-07 09:00:00', '2025-04-07 09:00:00'),
    (103, 18, 18, 'member', '2025-03-21', '2025-03-21 09:00:00', '2025-03-21 09:00:00'),
    (104, 18, 9, 'member', '2025-04-07', '2025-04-07 09:00:00', '2025-04-07 09:00:00'),
    (105, 18, 38, 'reviewer', '2025-04-08', '2025-04-08 09:00:00', '2025-04-08 09:00:00'),
    (106, 19, 61, 'manager', '2026-04-06', '2026-04-06 09:00:00', '2026-04-06 09:00:00'),
    (107, 19, 72, 'reviewer', '2026-04-03', '2026-04-03 09:00:00', '2026-04-03 09:00:00'),
    (108, 19, 65, 'member', '2026-04-16', '2026-04-16 09:00:00', '2026-04-16 09:00:00'),
    (109, 19, 48, 'member', '2026-04-11', '2026-04-11 09:00:00', '2026-04-11 09:00:00'),
    (110, 19, 45, 'member', '2026-04-07', '2026-04-07 09:00:00', '2026-04-07 09:00:00'),
    (111, 20, 30, 'manager', '2025-06-27', '2025-06-27 09:00:00', '2025-06-27 09:00:00'),
    (112, 20, 56, 'member', '2025-06-21', '2025-06-21 09:00:00', '2025-06-21 09:00:00'),
    (113, 20, 6, 'member', '2025-06-10', '2025-06-10 09:00:00', '2025-06-10 09:00:00'),
    (114, 20, 43, 'member', '2025-07-03', '2025-07-03 09:00:00', '2025-07-03 09:00:00'),
    (115, 20, 100, 'member', '2025-07-03', '2025-07-03 09:00:00', '2025-07-03 09:00:00'),
    (116, 20, 64, 'reviewer', '2025-06-09', '2025-06-09 09:00:00', '2025-06-09 09:00:00'),
    (117, 20, 94, 'reviewer', '2025-06-06', '2025-06-06 09:00:00', '2025-06-06 09:00:00'),
    (118, 20, 52, 'member', '2025-06-19', '2025-06-19 09:00:00', '2025-06-19 09:00:00'),
    (119, 20, 53, 'member', '2025-06-08', '2025-06-08 09:00:00', '2025-06-08 09:00:00');

SELECT setval('project_members_id_seq', 119);

-- ----------------------------------------------------------
-- tasks
-- ----------------------------------------------------------
INSERT INTO tasks (id, project_id, assignee_id, title, description, status, priority, due_date, created_at, updated_at) VALUES
    (1, 1, 63, '結合テスト', 'モジュール間の結合テスト', 'done', 'medium', '2026-07-06', '2026-05-17 10:00:00', '2026-05-31 17:00:00'),
    (2, 1, 59, 'パフォーマンステスト', '性能テストの実施と改善', 'done', 'low', '2026-06-06', '2026-05-11 10:00:00', '2026-05-25 17:00:00'),
    (3, 1, 98, '運用監視設定', '監視・アラートの設定', 'done', 'urgent', '2026-04-20', '2026-02-24 10:00:00', '2026-04-15 17:00:00'),
    (4, 1, 63, 'ドキュメント整備', '運用マニュアル・手順書の作成', 'done', 'medium', '2026-04-23', '2026-03-09 10:00:00', '2026-04-11 17:00:00'),
    (5, 1, 34, 'データ移行', '既存データの移行作業', 'done', 'high', '2026-04-17', '2026-03-12 10:00:00', '2026-03-17 17:00:00'),
    (6, 1, 61, 'UI/UX デザイン', '画面デザインとユーザー体験の設計', 'done', 'high', '2026-06-06', '2026-03-21 10:00:00', '2026-06-03 17:00:00'),
    (7, 1, 98, 'ユーザーヒアリング', '利用者へのヒアリング調査', 'in_review', 'medium', '2026-05-30', '2026-05-15 10:00:00', '2026-05-29 17:00:00'),
    (8, 1, 37, '研修資料作成', '利用者向け研修資料の作成', 'in_progress', 'low', '2026-07-02', '2026-04-04 10:00:00', '2026-05-12 17:00:00'),
    (9, 1, 34, '外部連携テスト', '外部システムとの連携テスト', 'in_review', 'high', '2026-05-18', '2026-03-16 10:00:00', '2026-05-16 17:00:00'),
    (10, 1, 59, '研修実施', '利用者向け研修の実施', 'todo', 'medium', '2026-06-23', '2026-05-03 10:00:00', '2026-05-03 10:00:00'),
    (11, 1, 37, 'リリース準備', 'リリース手順の確認と準備', 'todo', 'high', '2026-05-29', '2026-04-10 10:00:00', '2026-04-10 10:00:00'),
    (12, 1, 63, 'セキュリティレビュー', 'セキュリティ観点でのコードレビュー', 'todo', 'high', '2026-05-13', '2026-02-25 10:00:00', '2026-02-25 10:00:00'),
    (13, 1, 37, '本番デプロイ', '本番環境へのデプロイ', 'todo', 'medium', '2026-05-17', '2026-04-05 10:00:00', '2026-04-05 10:00:00'),
    (14, 1, 79, '単体テスト', '各モジュールの単体テスト', 'todo', 'high', '2026-06-14', '2026-05-14 10:00:00', '2026-05-14 10:00:00'),
    (15, 1, 59, 'プロトタイプ作成', '動作確認用プロトタイプの作成', 'todo', 'high', '2026-06-08', '2026-03-30 10:00:00', '2026-03-30 10:00:00'),
    (16, 2, 70, '研修実施', '利用者向け研修の実施', 'done', 'low', '2025-08-14', '2025-06-15 10:00:00', '2025-07-18 17:00:00'),
    (17, 2, 11, 'セキュリティレビュー', 'セキュリティ観点でのコードレビュー', 'done', 'urgent', '2025-04-26', '2025-03-11 10:00:00', '2025-04-10 17:00:00'),
    (18, 2, 25, 'バックエンド実装', 'バックエンドの開発', 'done', 'high', '2025-05-22', '2025-04-24 10:00:00', '2025-05-08 17:00:00'),
    (19, 2, 70, 'UI/UX デザイン', '画面デザインとユーザー体験の設計', 'done', 'low', '2025-05-29', '2025-03-26 10:00:00', '2025-05-11 17:00:00'),
    (20, 2, 70, '受入テスト', 'ユーザー受入テストの実施', 'done', 'high', '2025-03-19', '2025-01-31 10:00:00', '2025-03-06 17:00:00'),
    (21, 2, 70, 'パフォーマンステスト', '性能テストの実施と改善', 'done', 'medium', '2025-07-02', '2025-04-05 10:00:00', '2025-05-23 17:00:00'),
    (22, 2, 11, 'インフラ構築', '本番環境のインフラ構築', 'done', 'urgent', '2025-04-08', '2025-02-24 10:00:00', '2025-03-26 17:00:00'),
    (23, 2, 70, 'API 設計・実装', 'REST API の設計と実装', 'done', 'high', '2025-08-14', '2025-06-20 10:00:00', '2025-07-29 17:00:00'),
    (24, 3, 29, 'データ移行', '既存データの移行作業', 'done', 'low', '2025-10-08', '2025-07-18 10:00:00', '2025-08-04 17:00:00'),
    (25, 3, 40, 'UI/UX デザイン', '画面デザインとユーザー体験の設計', 'done', 'medium', '2025-12-10', '2025-10-04 10:00:00', '2025-10-23 17:00:00'),
    (26, 3, 40, 'プロトタイプ作成', '動作確認用プロトタイプの作成', 'done', 'high', '2025-11-26', '2025-09-21 10:00:00', '2025-10-26 17:00:00'),
    (27, 3, 86, 'CI/CD パイプライン構築', 'CI/CD 環境の構築', 'done', 'high', '2025-09-21', '2025-07-13 10:00:00', '2025-09-07 17:00:00'),
    (28, 3, 61, '受入テスト', 'ユーザー受入テストの実施', 'done', 'high', '2025-08-13', '2025-06-13 10:00:00', '2025-07-17 17:00:00'),
    (29, 3, 12, 'インフラ構築', '本番環境のインフラ構築', 'done', 'low', '2025-09-04', '2025-07-28 10:00:00', '2025-08-04 17:00:00'),
    (30, 3, 29, 'フロントエンド実装', 'フロントエンドの開発', 'done', 'low', '2025-10-10', '2025-07-12 10:00:00', '2025-07-14 17:00:00'),
    (31, 3, 86, 'バックエンド実装', 'バックエンドの開発', 'done', 'high', '2025-08-19', '2025-07-20 10:00:00', '2025-08-14 17:00:00'),
    (32, 3, 92, '設計書作成', '基本設計・詳細設計の作成', 'done', 'medium', '2025-11-16', '2025-10-07 10:00:00', '2025-11-13 17:00:00'),
    (33, 3, 61, '本番デプロイ', '本番環境へのデプロイ', 'done', 'high', '2025-09-11', '2025-07-17 10:00:00', '2025-09-04 17:00:00'),
    (34, 3, 66, '研修資料作成', '利用者向け研修資料の作成', 'done', 'high', '2025-11-01', '2025-10-18 10:00:00', '2025-10-22 17:00:00'),
    (35, 4, 38, 'バックエンド実装', 'バックエンドの開発', 'done', 'medium', '2025-11-06', '2025-10-07 10:00:00', '2025-10-30 17:00:00'),
    (36, 4, 65, '研修資料作成', '利用者向け研修資料の作成', 'done', 'high', '2026-04-04', '2026-01-23 10:00:00', '2026-03-10 17:00:00'),
    (37, 4, 38, '結合テスト', 'モジュール間の結合テスト', 'done', 'medium', '2025-12-08', '2025-11-19 10:00:00', '2025-12-05 17:00:00'),
    (38, 4, 99, 'API 設計・実装', 'REST API の設計と実装', 'done', 'urgent', '2025-12-23', '2025-10-09 10:00:00', '2025-11-29 17:00:00'),
    (39, 4, 65, 'フロントエンド実装', 'フロントエンドの開発', 'in_review', 'high', '2026-02-07', '2026-01-15 10:00:00', '2026-01-17 17:00:00'),
    (40, 4, 99, '要件定義', '要件の洗い出しと整理', 'in_progress', 'low', '2026-04-07', '2026-02-11 10:00:00', '2026-03-07 17:00:00'),
    (41, 4, 38, 'プロトタイプ作成', '動作確認用プロトタイプの作成', 'todo', 'medium', '2026-02-07', '2026-01-12 10:00:00', '2026-01-12 10:00:00'),
    (42, 4, 25, '運用監視設定', '監視・アラートの設定', 'todo', 'high', '2026-03-25', '2026-02-12 10:00:00', '2026-02-12 10:00:00'),
    (43, 4, 65, 'セキュリティレビュー', 'セキュリティ観点でのコードレビュー', 'todo', 'medium', '2026-03-01', '2025-12-19 10:00:00', '2025-12-19 10:00:00'),
    (44, 4, 65, '単体テスト', '各モジュールの単体テスト', 'todo', 'low', '2026-03-06', '2026-01-11 10:00:00', '2026-01-11 10:00:00'),
    (45, 5, 17, '結合テスト', 'モジュール間の結合テスト', 'done', 'medium', '2025-12-11', '2025-11-21 10:00:00', '2025-11-30 17:00:00'),
    (46, 5, 17, 'セキュリティレビュー', 'セキュリティ観点でのコードレビュー', 'done', 'low', '2026-01-22', '2025-12-12 10:00:00', '2025-12-21 17:00:00'),
    (47, 5, 17, 'バックエンド実装', 'バックエンドの開発', 'done', 'high', '2026-01-26', '2025-11-02 10:00:00', '2025-12-19 17:00:00'),
    (48, 5, 94, '外部連携テスト', '外部システムとの連携テスト', 'done', 'medium', '2026-02-15', '2025-11-22 10:00:00', '2026-02-09 17:00:00'),
    (49, 5, 17, 'リリース準備', 'リリース手順の確認と準備', 'done', 'medium', '2026-02-24', '2026-01-07 10:00:00', '2026-01-08 17:00:00'),
    (50, 5, 94, 'UI/UX デザイン', '画面デザインとユーザー体験の設計', 'done', 'high', '2025-12-27', '2025-10-30 10:00:00', '2025-10-30 17:00:00'),
    (51, 5, 94, '運用監視設定', '監視・アラートの設定', 'done', 'medium', '2025-12-07', '2025-11-15 10:00:00', '2025-11-19 17:00:00'),
    (52, 5, 17, '研修実施', '利用者向け研修の実施', 'done', 'low', '2026-01-28', '2025-12-18 10:00:00', '2026-01-11 17:00:00'),
    (53, 5, 72, '研修資料作成', '利用者向け研修資料の作成', 'in_progress', 'medium', '2026-01-21', '2025-10-27 10:00:00', '2026-01-11 17:00:00'),
    (54, 5, 94, 'インフラ構築', '本番環境のインフラ構築', 'in_progress', 'medium', '2026-01-30', '2026-01-10 10:00:00', '2026-01-12 17:00:00'),
    (55, 5, 72, '設計書作成', '基本設計・詳細設計の作成', 'in_review', 'medium', '2026-02-01', '2025-11-26 10:00:00', '2025-12-30 17:00:00'),
    (56, 5, 94, 'ユーザーヒアリング', '利用者へのヒアリング調査', 'todo', 'low', '2025-12-21', '2025-11-23 10:00:00', '2025-11-23 10:00:00'),
    (57, 5, 72, 'データ移行', '既存データの移行作業', 'todo', 'medium', '2026-02-08', '2025-12-17 10:00:00', '2025-12-17 10:00:00'),
    (58, 5, 94, 'API 設計・実装', 'REST API の設計と実装', 'todo', 'urgent', '2025-09-02', '2025-08-19 10:00:00', '2025-08-19 10:00:00'),
    (59, 5, 94, '本番デプロイ', '本番環境へのデプロイ', 'todo', 'medium', '2025-10-25', '2025-09-09 10:00:00', '2025-09-09 10:00:00'),
    (60, 5, 72, 'プロトタイプ作成', '動作確認用プロトタイプの作成', 'todo', 'low', '2025-12-29', '2025-11-23 10:00:00', '2025-11-23 10:00:00'),
    (61, 5, 94, '要件定義', '要件の洗い出しと整理', 'todo', 'high', '2026-03-06', '2025-12-11 10:00:00', '2025-12-11 10:00:00'),
    (62, 5, 17, 'ドキュメント整備', '運用マニュアル・手順書の作成', 'todo', 'low', '2025-10-23', '2025-08-15 10:00:00', '2025-08-15 10:00:00'),
    (63, 6, 14, 'CI/CD パイプライン構築', 'CI/CD 環境の構築', 'done', 'low', '2026-04-09', '2026-03-05 10:00:00', '2026-04-03 17:00:00'),
    (64, 6, 14, 'UI/UX デザイン', '画面デザインとユーザー体験の設計', 'done', 'high', '2026-04-22', '2026-02-12 10:00:00', '2026-04-04 17:00:00'),
    (65, 6, 77, 'パフォーマンステスト', '性能テストの実施と改善', 'done', 'high', '2026-04-19', '2026-03-08 10:00:00', '2026-03-29 17:00:00'),
    (66, 6, 66, '研修実施', '利用者向け研修の実施', 'done', 'high', '2026-07-14', '2026-04-26 10:00:00', '2026-05-20 17:00:00'),
    (67, 6, 14, 'インフラ構築', '本番環境のインフラ構築', 'in_progress', 'medium', '2026-03-05', '2026-01-18 10:00:00', '2026-01-30 17:00:00'),
    (68, 6, 66, '外部連携テスト', '外部システムとの連携テスト', 'todo', 'high', '2026-02-05', '2025-12-31 10:00:00', '2025-12-31 10:00:00'),
    (69, 6, 2, 'ドキュメント整備', '運用マニュアル・手順書の作成', 'todo', 'medium', '2026-06-30', '2026-04-05 10:00:00', '2026-04-05 10:00:00'),
    (70, 6, 77, 'データ移行', '既存データの移行作業', 'todo', 'urgent', '2026-04-04', '2026-03-02 10:00:00', '2026-03-02 10:00:00'),
    (71, 7, 77, 'UI/UX デザイン', '画面デザインとユーザー体験の設計', 'done', 'high', '2025-10-20', '2025-09-25 10:00:00', '2025-10-14 17:00:00'),
    (72, 7, 20, 'リリース準備', 'リリース手順の確認と準備', 'done', 'medium', '2026-01-25', '2025-11-14 10:00:00', '2026-01-23 17:00:00'),
    (73, 7, 15, 'CI/CD パイプライン構築', 'CI/CD 環境の構築', 'done', 'medium', '2025-12-04', '2025-10-10 10:00:00', '2025-11-17 17:00:00'),
    (74, 7, 91, 'データ移行', '既存データの移行作業', 'done', 'medium', '2025-12-03', '2025-09-23 10:00:00', '2025-10-06 17:00:00'),
    (75, 7, 77, '受入テスト', 'ユーザー受入テストの実施', 'done', 'urgent', '2025-12-13', '2025-09-26 10:00:00', '2025-10-18 17:00:00'),
    (76, 7, 15, '結合テスト', 'モジュール間の結合テスト', 'done', 'medium', '2026-01-20', '2025-11-11 10:00:00', '2026-01-17 17:00:00'),
    (77, 7, 7, '研修実施', '利用者向け研修の実施', 'done', 'high', '2026-01-01', '2025-11-01 10:00:00', '2025-12-29 17:00:00'),
    (78, 7, 10, '設計書作成', '基本設計・詳細設計の作成', 'done', 'medium', '2026-01-25', '2025-10-29 10:00:00', '2025-11-04 17:00:00'),
    (79, 7, 77, 'セキュリティレビュー', 'セキュリティ観点でのコードレビュー', 'done', 'low', '2025-12-22', '2025-09-28 10:00:00', '2025-11-16 17:00:00'),
    (80, 7, 10, 'プロトタイプ作成', '動作確認用プロトタイプの作成', 'done', 'medium', '2025-11-30', '2025-10-05 10:00:00', '2025-10-10 17:00:00'),
    (81, 7, 20, 'バックエンド実装', 'バックエンドの開発', 'done', 'high', '2025-12-22', '2025-10-30 10:00:00', '2025-12-10 17:00:00'),
    (82, 7, 84, '単体テスト', '各モジュールの単体テスト', 'done', 'low', '2025-11-18', '2025-09-26 10:00:00', '2025-10-31 17:00:00'),
    (83, 7, 84, 'インフラ構築', '本番環境のインフラ構築', 'done', 'high', '2025-11-27', '2025-10-28 10:00:00', '2025-11-18 17:00:00'),
    (84, 7, 7, '要件定義', '要件の洗い出しと整理', 'done', 'low', '2026-01-25', '2025-11-09 10:00:00', '2025-12-25 17:00:00'),
    (85, 7, 15, '本番デプロイ', '本番環境へのデプロイ', 'done', 'medium', '2025-11-19', '2025-10-09 10:00:00', '2025-10-30 17:00:00'),
    (86, 8, 11, 'DB 設計', 'データベーススキーマの設計', 'done', 'medium', '2026-04-27', '2026-03-23 10:00:00', '2026-04-20 17:00:00'),
    (87, 8, 84, '単体テスト', '各モジュールの単体テスト', 'done', 'high', '2026-04-04', '2026-01-24 10:00:00', '2026-03-01 17:00:00'),
    (88, 8, 21, 'バックエンド実装', 'バックエンドの開発', 'done', 'medium', '2026-03-18', '2026-01-24 10:00:00', '2026-03-16 17:00:00'),
    (89, 8, 88, '負荷テスト', '高負荷時の動作確認', 'done', 'medium', '2026-06-16', '2026-03-21 10:00:00', '2026-05-16 17:00:00'),
    (90, 8, 88, 'UI/UX デザイン', '画面デザインとユーザー体験の設計', 'done', 'high', '2026-05-19', '2026-02-27 10:00:00', '2026-04-21 17:00:00'),
    (91, 8, 28, '受入テスト', 'ユーザー受入テストの実施', 'done', 'high', '2026-02-26', '2026-01-11 10:00:00', '2026-01-14 17:00:00'),
    (92, 8, 21, 'フロントエンド実装', 'フロントエンドの開発', 'in_review', 'medium', '2026-03-28', '2026-01-07 10:00:00', '2026-01-22 17:00:00'),
    (93, 8, 36, '本番デプロイ', '本番環境へのデプロイ', 'in_progress', 'medium', '2026-04-01', '2026-02-28 10:00:00', '2026-03-27 17:00:00'),
    (94, 8, 84, '研修資料作成', '利用者向け研修資料の作成', 'in_progress', 'high', '2026-02-24', '2026-02-07 10:00:00', '2026-02-20 17:00:00'),
    (95, 8, 84, '設計書作成', '基本設計・詳細設計の作成', 'todo', 'medium', '2026-03-08', '2026-02-12 10:00:00', '2026-02-12 10:00:00'),
    (96, 8, 36, 'パフォーマンステスト', '性能テストの実施と改善', 'todo', 'medium', '2026-03-03', '2026-01-06 10:00:00', '2026-01-06 10:00:00'),
    (97, 8, 28, 'API 設計・実装', 'REST API の設計と実装', 'todo', 'medium', '2026-03-26', '2026-02-23 10:00:00', '2026-02-23 10:00:00'),
    (98, 8, 21, 'ドキュメント整備', '運用マニュアル・手順書の作成', 'todo', 'high', '2026-01-20', '2026-01-04 10:00:00', '2026-01-04 10:00:00'),
    (99, 8, 36, '運用監視設定', '監視・アラートの設定', 'todo', 'low', '2026-06-17', '2026-03-28 10:00:00', '2026-03-28 10:00:00'),
    (100, 8, 88, 'データ移行', '既存データの移行作業', 'todo', 'medium', '2026-03-02', '2026-02-01 10:00:00', '2026-02-01 10:00:00'),
    (101, 9, 94, '単体テスト', '各モジュールの単体テスト', 'done', 'medium', '2025-05-27', '2025-03-23 10:00:00', '2025-04-22 17:00:00'),
    (102, 9, 94, 'インフラ構築', '本番環境のインフラ構築', 'done', 'low', '2025-03-24', '2025-03-10 10:00:00', '2025-03-19 17:00:00'),
    (103, 9, 39, 'データ移行', '既存データの移行作業', 'done', 'medium', '2025-04-15', '2025-03-09 10:00:00', '2025-03-14 17:00:00'),
    (104, 9, 94, '運用監視設定', '監視・アラートの設定', 'done', 'urgent', '2025-05-07', '2025-02-15 10:00:00', '2025-04-25 17:00:00'),
    (105, 9, 94, 'CI/CD パイプライン構築', 'CI/CD 環境の構築', 'done', 'high', '2025-05-27', '2025-03-15 10:00:00', '2025-03-17 17:00:00'),
    (106, 9, 39, 'UI/UX デザイン', '画面デザインとユーザー体験の設計', 'done', 'high', '2025-04-17', '2025-02-13 10:00:00', '2025-04-01 17:00:00'),
    (107, 9, 39, 'フロントエンド実装', 'フロントエンドの開発', 'done', 'high', '2025-03-27', '2025-03-05 10:00:00', '2025-03-16 17:00:00'),
    (108, 9, 30, 'リリース準備', 'リリース手順の確認と準備', 'done', 'high', '2025-04-19', '2025-03-23 10:00:00', '2025-04-16 17:00:00'),
    (109, 10, 88, 'ユーザーヒアリング', '利用者へのヒアリング調査', 'done', 'medium', '2025-03-06', '2025-02-15 10:00:00', '2025-02-25 17:00:00'),
    (110, 10, 88, 'パフォーマンステスト', '性能テストの実施と改善', 'done', 'medium', '2025-06-13', '2025-03-31 10:00:00', '2025-05-02 17:00:00'),
    (111, 10, 84, 'バックエンド実装', 'バックエンドの開発', 'done', 'high', '2025-04-05', '2025-02-14 10:00:00', '2025-03-08 17:00:00'),
    (112, 10, 73, '設計書作成', '基本設計・詳細設計の作成', 'done', 'high', '2025-06-09', '2025-04-14 10:00:00', '2025-05-01 17:00:00'),
    (113, 10, 84, 'セキュリティレビュー', 'セキュリティ観点でのコードレビュー', 'done', 'high', '2025-05-21', '2025-03-17 10:00:00', '2025-05-12 17:00:00'),
    (114, 10, 26, '研修資料作成', '利用者向け研修資料の作成', 'done', 'medium', '2025-05-01', '2025-02-13 10:00:00', '2025-04-17 17:00:00'),
    (115, 10, 88, 'プロトタイプ作成', '動作確認用プロトタイプの作成', 'done', 'urgent', '2025-05-15', '2025-03-28 10:00:00', '2025-04-02 17:00:00'),
    (116, 10, 15, 'API 設計・実装', 'REST API の設計と実装', 'done', 'medium', '2025-04-23', '2025-03-17 10:00:00', '2025-04-20 17:00:00'),
    (117, 10, 88, 'CI/CD パイプライン構築', 'CI/CD 環境の構築', 'done', 'medium', '2025-03-27', '2025-01-31 10:00:00', '2025-03-14 17:00:00'),
    (118, 10, 88, 'リリース準備', 'リリース手順の確認と準備', 'done', 'medium', '2025-06-15', '2025-04-08 10:00:00', '2025-04-29 17:00:00'),
    (119, 10, 15, '研修実施', '利用者向け研修の実施', 'done', 'medium', '2025-04-07', '2025-03-19 10:00:00', '2025-03-30 17:00:00'),
    (120, 10, 58, 'UI/UX デザイン', '画面デザインとユーザー体験の設計', 'done', 'urgent', '2025-03-18', '2025-02-25 10:00:00', '2025-02-27 17:00:00'),
    (121, 10, 15, 'ドキュメント整備', '運用マニュアル・手順書の作成', 'done', 'high', '2025-05-26', '2025-03-08 10:00:00', '2025-03-28 17:00:00'),
    (122, 10, 84, 'インフラ構築', '本番環境のインフラ構築', 'done', 'low', '2025-06-17', '2025-04-08 10:00:00', '2025-04-12 17:00:00'),
    (123, 10, 79, '外部連携テスト', '外部システムとの連携テスト', 'done', 'low', '2025-06-12', '2025-04-13 10:00:00', '2025-05-06 17:00:00'),
    (124, 10, 26, '単体テスト', '各モジュールの単体テスト', 'done', 'urgent', '2025-02-27', '2025-01-25 10:00:00', '2025-02-22 17:00:00'),
    (125, 10, 88, '要件定義', '要件の洗い出しと整理', 'done', 'medium', '2025-04-27', '2025-01-30 10:00:00', '2025-02-16 17:00:00'),
    (126, 11, 93, 'セキュリティレビュー', 'セキュリティ観点でのコードレビュー', 'done', 'high', '2026-08-09', '2026-07-01 10:00:00', '2026-07-08 17:00:00'),
    (127, 11, 92, 'ドキュメント整備', '運用マニュアル・手順書の作成', 'done', 'medium', '2026-07-20', '2026-06-25 10:00:00', '2026-07-20 17:00:00'),
    (128, 11, 41, 'パフォーマンステスト', '性能テストの実施と改善', 'done', 'high', '2026-09-25', '2026-07-09 10:00:00', '2026-08-15 17:00:00'),
    (129, 11, 41, 'データ移行', '既存データの移行作業', 'done', 'high', '2026-07-21', '2026-05-22 10:00:00', '2026-06-23 17:00:00'),
    (130, 11, 92, '結合テスト', 'モジュール間の結合テスト', 'done', 'medium', '2026-06-30', '2026-05-17 10:00:00', '2026-06-17 17:00:00'),
    (131, 11, 63, '単体テスト', '各モジュールの単体テスト', 'done', 'medium', '2026-09-20', '2026-06-28 10:00:00', '2026-07-14 17:00:00'),
    (132, 11, 63, 'フロントエンド実装', 'フロントエンドの開発', 'done', 'medium', '2026-09-19', '2026-06-30 10:00:00', '2026-08-21 17:00:00'),
    (133, 11, 93, '要件定義', '要件の洗い出しと整理', 'in_progress', 'low', '2026-07-02', '2026-06-09 10:00:00', '2026-06-23 17:00:00'),
    (134, 11, 93, 'API 設計・実装', 'REST API の設計と実装', 'in_review', 'low', '2026-09-25', '2026-07-09 10:00:00', '2026-08-01 17:00:00'),
    (135, 11, 92, 'リリース準備', 'リリース手順の確認と準備', 'in_progress', 'high', '2026-08-07', '2026-07-05 10:00:00', '2026-07-24 17:00:00'),
    (136, 11, 92, '外部連携テスト', '外部システムとの連携テスト', 'todo', 'urgent', '2026-07-25', '2026-05-28 10:00:00', '2026-05-28 10:00:00'),
    (137, 11, 41, 'DB 設計', 'データベーススキーマの設計', 'todo', 'medium', '2026-08-27', '2026-07-09 10:00:00', '2026-07-09 10:00:00'),
    (138, 11, 92, 'CI/CD パイプライン構築', 'CI/CD 環境の構築', 'todo', 'high', '2026-07-28', '2026-05-11 10:00:00', '2026-05-11 10:00:00'),
    (139, 11, 92, '設計書作成', '基本設計・詳細設計の作成', 'todo', 'medium', '2026-07-17', '2026-05-21 10:00:00', '2026-05-21 10:00:00'),
    (140, 11, 63, 'バックエンド実装', 'バックエンドの開発', 'todo', 'low', '2026-07-31', '2026-05-05 10:00:00', '2026-05-05 10:00:00'),
    (141, 11, 41, '負荷テスト', '高負荷時の動作確認', 'todo', 'high', '2026-07-09', '2026-06-22 10:00:00', '2026-06-22 10:00:00'),
    (142, 12, 99, 'データ移行', '既存データの移行作業', 'done', 'medium', '2026-08-09', '2026-07-08 10:00:00', '2026-07-28 17:00:00'),
    (143, 12, 44, '研修資料作成', '利用者向け研修資料の作成', 'done', 'urgent', '2026-08-09', '2026-06-05 10:00:00', '2026-06-21 17:00:00'),
    (144, 12, 99, '受入テスト', 'ユーザー受入テストの実施', 'done', 'low', '2026-08-03', '2026-05-22 10:00:00', '2026-06-06 17:00:00'),
    (145, 12, 99, 'プロトタイプ作成', '動作確認用プロトタイプの作成', 'done', 'low', '2026-06-18', '2026-04-28 10:00:00', '2026-05-22 17:00:00'),
    (146, 12, 44, '負荷テスト', '高負荷時の動作確認', 'done', 'urgent', '2026-07-06', '2026-05-12 10:00:00', '2026-06-17 17:00:00'),
    (147, 12, 44, 'リリース準備', 'リリース手順の確認と準備', 'done', 'high', '2026-09-11', '2026-06-24 10:00:00', '2026-08-22 17:00:00'),
    (148, 12, 99, '単体テスト', '各モジュールの単体テスト', 'in_review', 'low', '2026-08-28', '2026-06-11 10:00:00', '2026-08-08 17:00:00'),
    (149, 12, 59, 'ドキュメント整備', '運用マニュアル・手順書の作成', 'in_review', 'low', '2026-08-13', '2026-05-28 10:00:00', '2026-08-12 17:00:00'),
    (150, 12, 44, '外部連携テスト', '外部システムとの連携テスト', 'in_review', 'medium', '2026-09-04', '2026-08-08 10:00:00', '2026-08-21 17:00:00'),
    (151, 12, 59, 'CI/CD パイプライン構築', 'CI/CD 環境の構築', 'todo', 'high', '2026-10-01', '2026-07-28 10:00:00', '2026-07-28 10:00:00'),
    (152, 12, 99, '設計書作成', '基本設計・詳細設計の作成', 'todo', 'low', '2026-08-09', '2026-07-02 10:00:00', '2026-07-02 10:00:00'),
    (153, 12, 99, 'セキュリティレビュー', 'セキュリティ観点でのコードレビュー', 'todo', 'low', '2026-09-04', '2026-06-25 10:00:00', '2026-06-25 10:00:00'),
    (154, 12, 44, '要件定義', '要件の洗い出しと整理', 'todo', 'urgent', '2026-08-16', '2026-07-18 10:00:00', '2026-07-18 10:00:00'),
    (155, 12, 59, 'UI/UX デザイン', '画面デザインとユーザー体験の設計', 'todo', 'medium', '2026-09-27', '2026-08-01 10:00:00', '2026-08-01 10:00:00'),
    (156, 12, 44, '研修実施', '利用者向け研修の実施', 'todo', 'high', '2026-08-04', '2026-05-17 10:00:00', '2026-05-17 10:00:00'),
    (157, 13, 77, '本番デプロイ', '本番環境へのデプロイ', 'done', 'medium', '2025-08-08', '2025-06-17 10:00:00', '2025-07-24 17:00:00'),
    (158, 13, 37, '設計書作成', '基本設計・詳細設計の作成', 'done', 'medium', '2025-09-22', '2025-07-02 10:00:00', '2025-09-02 17:00:00'),
    (159, 13, 77, 'ユーザーヒアリング', '利用者へのヒアリング調査', 'done', 'medium', '2025-07-13', '2025-06-27 10:00:00', '2025-07-08 17:00:00'),
    (160, 13, 37, '負荷テスト', '高負荷時の動作確認', 'done', 'high', '2025-09-16', '2025-06-20 10:00:00', '2025-07-29 17:00:00'),
    (161, 13, 77, 'バックエンド実装', 'バックエンドの開発', 'done', 'high', '2025-08-03', '2025-07-17 10:00:00', '2025-08-01 17:00:00'),
    (162, 13, 37, 'パフォーマンステスト', '性能テストの実施と改善', 'done', 'urgent', '2025-10-06', '2025-07-11 10:00:00', '2025-08-09 17:00:00'),
    (163, 13, 77, 'リリース準備', 'リリース手順の確認と準備', 'done', 'low', '2025-08-02', '2025-06-28 10:00:00', '2025-07-31 17:00:00'),
    (164, 13, 77, 'プロトタイプ作成', '動作確認用プロトタイプの作成', 'done', 'high', '2025-07-17', '2025-06-15 10:00:00', '2025-06-30 17:00:00'),
    (165, 13, 90, 'CI/CD パイプライン構築', 'CI/CD 環境の構築', 'done', 'medium', '2025-06-19', '2025-05-12 10:00:00', '2025-05-13 17:00:00'),
    (166, 13, 37, 'データ移行', '既存データの移行作業', 'done', 'medium', '2025-07-22', '2025-05-17 10:00:00', '2025-06-12 17:00:00'),
    (167, 13, 37, '受入テスト', 'ユーザー受入テストの実施', 'done', 'medium', '2025-09-27', '2025-07-15 10:00:00', '2025-07-22 17:00:00'),
    (168, 13, 77, '結合テスト', 'モジュール間の結合テスト', 'done', 'low', '2025-08-17', '2025-05-24 10:00:00', '2025-07-04 17:00:00'),
    (169, 13, 77, 'UI/UX デザイン', '画面デザインとユーザー体験の設計', 'done', 'medium', '2025-08-08', '2025-06-15 10:00:00', '2025-06-26 17:00:00'),
    (170, 13, 37, 'API 設計・実装', 'REST API の設計と実装', 'done', 'urgent', '2025-09-01', '2025-06-10 10:00:00', '2025-07-25 17:00:00'),
    (171, 14, 85, 'プロトタイプ作成', '動作確認用プロトタイプの作成', 'done', 'medium', '2025-07-14', '2025-05-26 10:00:00', '2025-06-13 17:00:00'),
    (172, 14, 24, 'ユーザーヒアリング', '利用者へのヒアリング調査', 'done', 'medium', '2025-06-07', '2025-04-06 10:00:00', '2025-06-02 17:00:00'),
    (173, 14, 85, '外部連携テスト', '外部システムとの連携テスト', 'done', 'high', '2025-06-30', '2025-05-29 10:00:00', '2025-06-16 17:00:00'),
    (174, 14, 24, 'データ移行', '既存データの移行作業', 'done', 'medium', '2025-05-22', '2025-04-28 10:00:00', '2025-05-09 17:00:00'),
    (175, 14, 85, '結合テスト', 'モジュール間の結合テスト', 'done', 'high', '2025-07-16', '2025-05-02 10:00:00', '2025-05-29 17:00:00'),
    (176, 14, 78, '運用監視設定', '監視・アラートの設定', 'done', 'high', '2025-05-26', '2025-03-02 10:00:00', '2025-04-05 17:00:00'),
    (177, 14, 78, 'リリース準備', 'リリース手順の確認と準備', 'done', 'low', '2025-07-29', '2025-05-01 10:00:00', '2025-05-31 17:00:00'),
    (178, 14, 78, 'DB 設計', 'データベーススキーマの設計', 'done', 'low', '2025-08-11', '2025-05-22 10:00:00', '2025-06-19 17:00:00'),
    (179, 14, 12, '単体テスト', '各モジュールの単体テスト', 'done', 'medium', '2025-04-15', '2025-02-08 10:00:00', '2025-03-22 17:00:00'),
    (180, 14, 12, '負荷テスト', '高負荷時の動作確認', 'done', 'medium', '2025-05-25', '2025-04-24 10:00:00', '2025-04-24 17:00:00'),
    (181, 14, 66, '研修実施', '利用者向け研修の実施', 'done', 'urgent', '2025-04-23', '2025-02-16 10:00:00', '2025-04-17 17:00:00'),
    (182, 14, 85, 'バックエンド実装', 'バックエンドの開発', 'done', 'high', '2025-06-22', '2025-05-03 10:00:00', '2025-05-23 17:00:00'),
    (183, 14, 59, 'フロントエンド実装', 'フロントエンドの開発', 'done', 'high', '2025-06-17', '2025-05-23 10:00:00', '2025-06-12 17:00:00'),
    (184, 14, 66, 'インフラ構築', '本番環境のインフラ構築', 'done', 'medium', '2025-05-19', '2025-05-01 10:00:00', '2025-05-06 17:00:00'),
    (185, 14, 85, 'セキュリティレビュー', 'セキュリティ観点でのコードレビュー', 'done', 'high', '2025-03-08', '2025-02-18 10:00:00', '2025-03-02 17:00:00'),
    (186, 14, 64, 'ドキュメント整備', '運用マニュアル・手順書の作成', 'done', 'medium', '2025-07-16', '2025-05-26 10:00:00', '2025-05-28 17:00:00'),
    (187, 14, 24, '本番デプロイ', '本番環境へのデプロイ', 'done', 'medium', '2025-05-11', '2025-04-14 10:00:00', '2025-04-24 17:00:00'),
    (188, 14, 59, 'API 設計・実装', 'REST API の設計と実装', 'done', 'medium', '2025-07-11', '2025-04-19 10:00:00', '2025-06-25 17:00:00'),
    (189, 15, 43, 'バックエンド実装', 'バックエンドの開発', 'done', 'medium', '2025-09-21', '2025-08-16 10:00:00', '2025-09-10 17:00:00'),
    (190, 15, 44, '本番デプロイ', '本番環境へのデプロイ', 'done', 'medium', '2025-10-07', '2025-08-03 10:00:00', '2025-08-15 17:00:00'),
    (191, 15, 62, 'CI/CD パイプライン構築', 'CI/CD 環境の構築', 'done', 'urgent', '2025-11-16', '2025-09-22 10:00:00', '2025-10-07 17:00:00'),
    (192, 15, 74, '結合テスト', 'モジュール間の結合テスト', 'done', 'medium', '2025-11-01', '2025-08-22 10:00:00', '2025-09-25 17:00:00'),
    (193, 15, 35, 'DB 設計', 'データベーススキーマの設計', 'done', 'medium', '2025-09-09', '2025-07-24 10:00:00', '2025-09-03 17:00:00'),
    (194, 15, 35, 'フロントエンド実装', 'フロントエンドの開発', 'done', 'high', '2025-08-28', '2025-07-30 10:00:00', '2025-08-13 17:00:00'),
    (195, 15, 43, 'パフォーマンステスト', '性能テストの実施と改善', 'done', 'medium', '2025-11-17', '2025-09-25 10:00:00', '2025-11-08 17:00:00'),
    (196, 15, 5, 'API 設計・実装', 'REST API の設計と実装', 'done', 'high', '2025-10-29', '2025-08-29 10:00:00', '2025-10-07 17:00:00'),
    (197, 15, 12, '負荷テスト', '高負荷時の動作確認', 'done', 'medium', '2025-10-23', '2025-08-09 10:00:00', '2025-08-28 17:00:00'),
    (198, 15, 15, '外部連携テスト', '外部システムとの連携テスト', 'done', 'high', '2025-11-14', '2025-09-08 10:00:00', '2025-11-07 17:00:00'),
    (199, 15, 55, 'セキュリティレビュー', 'セキュリティ観点でのコードレビュー', 'done', 'high', '2025-10-03', '2025-08-19 10:00:00', '2025-10-01 17:00:00'),
    (200, 15, 5, 'UI/UX デザイン', '画面デザインとユーザー体験の設計', 'done', 'medium', '2025-09-30', '2025-09-07 10:00:00', '2025-09-25 17:00:00'),
    (201, 15, 5, '要件定義', '要件の洗い出しと整理', 'done', 'low', '2025-11-03', '2025-09-25 10:00:00', '2025-10-31 17:00:00'),
    (202, 15, 55, 'ユーザーヒアリング', '利用者へのヒアリング調査', 'done', 'low', '2025-11-21', '2025-09-02 10:00:00', '2025-10-28 17:00:00'),
    (203, 15, 5, '研修資料作成', '利用者向け研修資料の作成', 'done', 'high', '2025-10-18', '2025-09-23 10:00:00', '2025-10-09 17:00:00'),
    (204, 16, 60, '設計書作成', '基本設計・詳細設計の作成', 'done', 'medium', '2026-01-17', '2025-11-10 10:00:00', '2025-12-24 17:00:00'),
    (205, 16, 39, 'CI/CD パイプライン構築', 'CI/CD 環境の構築', 'done', 'medium', '2025-12-04', '2025-11-12 10:00:00', '2025-11-27 17:00:00'),
    (206, 16, 39, 'バックエンド実装', 'バックエンドの開発', 'done', 'medium', '2025-12-29', '2025-11-28 10:00:00', '2025-12-24 17:00:00'),
    (207, 16, 93, '本番デプロイ', '本番環境へのデプロイ', 'done', 'urgent', '2026-03-04', '2025-12-23 10:00:00', '2026-02-09 17:00:00'),
    (208, 16, 66, 'インフラ構築', '本番環境のインフラ構築', 'done', 'low', '2026-02-13', '2026-01-13 10:00:00', '2026-02-04 17:00:00'),
    (209, 16, 39, 'ユーザーヒアリング', '利用者へのヒアリング調査', 'done', 'medium', '2026-03-17', '2026-01-12 10:00:00', '2026-01-28 17:00:00'),
    (210, 16, 60, '研修実施', '利用者向け研修の実施', 'done', 'high', '2025-12-29', '2025-11-07 10:00:00', '2025-12-06 17:00:00'),
    (211, 16, 16, 'プロトタイプ作成', '動作確認用プロトタイプの作成', 'done', 'medium', '2026-02-04', '2025-12-23 10:00:00', '2026-01-07 17:00:00'),
    (212, 16, 66, '運用監視設定', '監視・アラートの設定', 'done', 'medium', '2026-01-17', '2025-12-10 10:00:00', '2025-12-17 17:00:00'),
    (213, 16, 39, '受入テスト', 'ユーザー受入テストの実施', 'done', 'high', '2026-01-13', '2025-12-28 10:00:00', '2026-01-04 17:00:00'),
    (214, 16, 60, 'セキュリティレビュー', 'セキュリティ観点でのコードレビュー', 'done', 'low', '2026-01-19', '2025-11-09 10:00:00', '2025-11-15 17:00:00'),
    (215, 16, 60, '要件定義', '要件の洗い出しと整理', 'done', 'high', '2026-03-06', '2025-12-26 10:00:00', '2026-01-24 17:00:00'),
    (216, 16, 16, 'DB 設計', 'データベーススキーマの設計', 'done', 'medium', '2025-12-13', '2025-11-12 10:00:00', '2025-11-30 17:00:00'),
    (217, 16, 60, '負荷テスト', '高負荷時の動作確認', 'done', 'high', '2026-03-12', '2026-01-17 10:00:00', '2026-02-22 17:00:00'),
    (218, 16, 16, 'データ移行', '既存データの移行作業', 'done', 'high', '2026-01-29', '2025-12-16 10:00:00', '2026-01-04 17:00:00'),
    (219, 17, 20, '外部連携テスト', '外部システムとの連携テスト', 'done', 'urgent', '2026-11-21', '2026-09-20 10:00:00', '2026-11-09 17:00:00'),
    (220, 17, 20, '本番デプロイ', '本番環境へのデプロイ', 'done', 'medium', '2026-09-09', '2026-07-19 10:00:00', '2026-08-12 17:00:00'),
    (221, 17, 63, '単体テスト', '各モジュールの単体テスト', 'done', 'medium', '2026-09-18', '2026-07-28 10:00:00', '2026-09-11 17:00:00'),
    (222, 17, 63, 'インフラ構築', '本番環境のインフラ構築', 'done', 'urgent', '2026-11-14', '2026-09-09 10:00:00', '2026-11-01 17:00:00'),
    (223, 17, 20, '受入テスト', 'ユーザー受入テストの実施', 'in_review', 'medium', '2026-09-20', '2026-07-26 10:00:00', '2026-09-05 17:00:00'),
    (224, 17, 15, '結合テスト', 'モジュール間の結合テスト', 'in_review', 'low', '2026-11-07', '2026-09-30 10:00:00', '2026-10-03 17:00:00'),
    (225, 17, 16, '設計書作成', '基本設計・詳細設計の作成', 'todo', 'high', '2026-07-28', '2026-07-05 10:00:00', '2026-07-05 10:00:00'),
    (226, 17, 63, '研修資料作成', '利用者向け研修資料の作成', 'todo', 'medium', '2026-12-17', '2026-09-23 10:00:00', '2026-09-23 10:00:00'),
    (227, 17, 63, 'API 設計・実装', 'REST API の設計と実装', 'todo', 'high', '2026-10-02', '2026-08-11 10:00:00', '2026-08-11 10:00:00'),
    (228, 17, 15, 'プロトタイプ作成', '動作確認用プロトタイプの作成', 'todo', 'medium', '2026-09-28', '2026-07-15 10:00:00', '2026-07-15 10:00:00'),
    (229, 18, 9, '負荷テスト', '高負荷時の動作確認', 'done', 'high', '2025-07-15', '2025-05-29 10:00:00', '2025-06-21 17:00:00'),
    (230, 18, 9, '運用監視設定', '監視・アラートの設定', 'done', 'high', '2025-08-04', '2025-07-09 10:00:00', '2025-08-03 17:00:00'),
    (231, 18, 38, 'プロトタイプ作成', '動作確認用プロトタイプの作成', 'done', 'medium', '2025-07-11', '2025-06-01 10:00:00', '2025-06-24 17:00:00'),
    (232, 18, 100, 'DB 設計', 'データベーススキーマの設計', 'done', 'medium', '2025-09-14', '2025-08-03 10:00:00', '2025-08-12 17:00:00'),
    (233, 18, 80, 'ドキュメント整備', '運用マニュアル・手順書の作成', 'done', 'medium', '2025-11-04', '2025-08-08 10:00:00', '2025-09-30 17:00:00'),
    (234, 18, 100, '単体テスト', '各モジュールの単体テスト', 'done', 'medium', '2025-07-17', '2025-06-04 10:00:00', '2025-06-28 17:00:00'),
    (235, 18, 9, '研修資料作成', '利用者向け研修資料の作成', 'done', 'high', '2025-10-09', '2025-07-17 10:00:00', '2025-10-08 17:00:00'),
    (236, 18, 38, 'パフォーマンステスト', '性能テストの実施と改善', 'done', 'medium', '2025-09-29', '2025-07-15 10:00:00', '2025-09-11 17:00:00'),
    (237, 18, 69, '受入テスト', 'ユーザー受入テストの実施', 'done', 'high', '2025-07-15', '2025-06-10 10:00:00', '2025-06-18 17:00:00'),
    (238, 18, 38, 'データ移行', '既存データの移行作業', 'done', 'medium', '2025-07-20', '2025-04-28 10:00:00', '2025-07-19 17:00:00'),
    (239, 18, 80, 'ユーザーヒアリング', '利用者へのヒアリング調査', 'done', 'medium', '2025-04-20', '2025-03-31 10:00:00', '2025-03-31 17:00:00'),
    (240, 19, 45, 'バックエンド実装', 'バックエンドの開発', 'done', 'high', '2026-04-07', '2026-03-24 10:00:00', '2026-04-01 17:00:00'),
    (241, 19, 45, 'データ移行', '既存データの移行作業', 'done', 'low', '2026-08-19', '2026-05-29 10:00:00', '2026-07-04 17:00:00'),
    (242, 19, 61, '単体テスト', '各モジュールの単体テスト', 'done', 'high', '2026-08-13', '2026-07-08 10:00:00', '2026-07-14 17:00:00'),
    (243, 19, 61, 'UI/UX デザイン', '画面デザインとユーザー体験の設計', 'done', 'medium', '2026-09-16', '2026-08-01 10:00:00', '2026-08-23 17:00:00'),
    (244, 19, 65, 'プロトタイプ作成', '動作確認用プロトタイプの作成', 'done', 'low', '2026-09-11', '2026-07-01 10:00:00', '2026-09-11 17:00:00'),
    (245, 19, 72, '要件定義', '要件の洗い出しと整理', 'done', 'medium', '2026-04-27', '2026-04-09 10:00:00', '2026-04-11 17:00:00'),
    (246, 19, 48, 'DB 設計', 'データベーススキーマの設計', 'in_review', 'low', '2026-04-26', '2026-03-22 10:00:00', '2026-03-27 17:00:00'),
    (247, 19, 48, '本番デプロイ', '本番環境へのデプロイ', 'in_review', 'medium', '2026-07-03', '2026-04-13 10:00:00', '2026-04-18 17:00:00'),
    (248, 19, 72, 'CI/CD パイプライン構築', 'CI/CD 環境の構築', 'in_review', 'medium', '2026-05-27', '2026-04-08 10:00:00', '2026-05-12 17:00:00'),
    (249, 19, 45, 'セキュリティレビュー', 'セキュリティ観点でのコードレビュー', 'todo', 'medium', '2026-06-24', '2026-06-08 10:00:00', '2026-06-08 10:00:00'),
    (250, 19, 72, '運用監視設定', '監視・アラートの設定', 'todo', 'high', '2026-07-22', '2026-06-29 10:00:00', '2026-06-29 10:00:00'),
    (251, 19, 65, '受入テスト', 'ユーザー受入テストの実施', 'todo', 'medium', '2026-09-18', '2026-06-27 10:00:00', '2026-06-27 10:00:00'),
    (252, 19, 65, 'パフォーマンステスト', '性能テストの実施と改善', 'todo', 'high', '2026-06-26', '2026-04-09 10:00:00', '2026-04-09 10:00:00'),
    (253, 19, 65, 'ドキュメント整備', '運用マニュアル・手順書の作成', 'todo', 'medium', '2026-06-04', '2026-04-08 10:00:00', '2026-04-08 10:00:00'),
    (254, 20, 56, 'プロトタイプ作成', '動作確認用プロトタイプの作成', 'done', 'high', '2025-10-04', '2025-08-20 10:00:00', '2025-10-04 17:00:00'),
    (255, 20, 56, '運用監視設定', '監視・アラートの設定', 'done', 'low', '2025-09-15', '2025-07-15 10:00:00', '2025-08-29 17:00:00'),
    (256, 20, 6, 'ユーザーヒアリング', '利用者へのヒアリング調査', 'done', 'high', '2025-10-25', '2025-08-26 10:00:00', '2025-09-01 17:00:00'),
    (257, 20, 56, 'ドキュメント整備', '運用マニュアル・手順書の作成', 'done', 'low', '2025-11-01', '2025-08-23 10:00:00', '2025-10-08 17:00:00'),
    (258, 20, 100, 'パフォーマンステスト', '性能テストの実施と改善', 'done', 'low', '2025-08-04', '2025-06-28 10:00:00', '2025-07-25 17:00:00'),
    (259, 20, 52, '要件定義', '要件の洗い出しと整理', 'done', 'medium', '2025-12-20', '2025-10-15 10:00:00', '2025-10-28 17:00:00'),
    (260, 20, 30, '結合テスト', 'モジュール間の結合テスト', 'done', 'low', '2025-11-19', '2025-10-25 10:00:00', '2025-11-13 17:00:00'),
    (261, 20, 64, 'CI/CD パイプライン構築', 'CI/CD 環境の構築', 'done', 'high', '2025-07-30', '2025-06-09 10:00:00', '2025-07-05 17:00:00'),
    (262, 20, 94, 'リリース準備', 'リリース手順の確認と準備', 'done', 'high', '2025-12-11', '2025-10-27 10:00:00', '2025-12-02 17:00:00'),
    (263, 20, 53, '単体テスト', '各モジュールの単体テスト', 'done', 'medium', '2025-10-16', '2025-09-11 10:00:00', '2025-09-19 17:00:00'),
    (264, 20, 100, 'API 設計・実装', 'REST API の設計と実装', 'done', 'medium', '2025-11-11', '2025-10-10 10:00:00', '2025-10-14 17:00:00'),
    (265, 20, 6, '研修実施', '利用者向け研修の実施', 'done', 'medium', '2025-11-12', '2025-09-21 10:00:00', '2025-10-21 17:00:00'),
    (266, 20, 56, 'DB 設計', 'データベーススキーマの設計', 'done', 'medium', '2025-10-24', '2025-08-08 10:00:00', '2025-10-23 17:00:00'),
    (267, 20, 43, '外部連携テスト', '外部システムとの連携テスト', 'done', 'medium', '2025-08-31', '2025-07-10 10:00:00', '2025-07-10 17:00:00'),
    (268, 20, 94, 'UI/UX デザイン', '画面デザインとユーザー体験の設計', 'done', 'medium', '2025-11-06', '2025-09-11 10:00:00', '2025-10-09 17:00:00'),
    (269, 20, 64, '受入テスト', 'ユーザー受入テストの実施', 'done', 'medium', '2025-12-06', '2025-11-05 10:00:00', '2025-11-24 17:00:00'),
    (270, 20, 64, 'セキュリティレビュー', 'セキュリティ観点でのコードレビュー', 'done', 'high', '2025-10-10', '2025-07-27 10:00:00', '2025-09-05 17:00:00');

SELECT setval('tasks_id_seq', 270);

-- ----------------------------------------------------------
-- jobs
-- ----------------------------------------------------------
INSERT INTO jobs (id, name, description, job_type, schedule, is_enabled, last_run_at, created_at, updated_at) VALUES
    (1, '日次プロジェクトレポート', 'プロジェクトごとのタスク進捗サマリーを生成しメール送信', 'daily_report', '0 9 * * 1-5', TRUE, '2026-12-31 07:00:00', '2025-06-27 10:00:00', '2025-06-27 10:00:00'),
    (2, '従業員マスタ同期', '人事システムから従業員データを同期', 'data_sync', '0 2 * * *', TRUE, '2026-12-31 05:00:00', '2025-03-04 10:00:00', '2025-03-04 10:00:00'),
    (3, '完了タスククリーンアップ', '完了から 90 日経過したタスクをアーカイブ', 'cleanup', '0 3 1 * *', TRUE, '2026-12-31 05:00:00', '2025-04-11 10:00:00', '2025-04-11 10:00:00'),
    (4, '旧ジョブログ削除', '180 日以上前のジョブログレコードを削除', 'cleanup', '0 4 1 * *', FALSE, '2025-11-29 00:00:00', '2025-02-21 10:00:00', '2026-01-01 09:00:00'),
    (5, '日次バックアップ', 'データベースの日次バックアップを取得', 'data_sync', '0 1 * * *', TRUE, '2026-12-31 03:00:00', '2025-04-29 10:00:00', '2025-04-29 10:00:00'),
    (6, '週次集計レポート', '週次の売上・KPI 集計レポートを生成', 'daily_report', '0 8 * * 1', TRUE, '2026-12-31 01:00:00', '2025-06-27 10:00:00', '2025-06-27 10:00:00'),
    (7, '月次請求データ生成', '月次の請求データを生成', 'daily_report', '0 6 1 * *', TRUE, '2026-12-31 07:00:00', '2025-04-15 10:00:00', '2025-04-15 10:00:00'),
    (8, '未読通知リマインダー', '未読通知を持つユーザーにリマインドメールを送信', 'daily_report', '0 10 * * 1-5', FALSE, '2025-10-21 06:00:00', '2025-03-19 10:00:00', '2025-12-18 09:00:00'),
    (9, '一時ファイル削除', '7 日以上前の一時ファイルを削除', 'cleanup', '0 5 * * 0', FALSE, '2026-03-03 08:00:00', '2025-06-03 10:00:00', '2026-04-24 09:00:00'),
    (10, '外部 API トークン更新', '外部サービスの API トークンを自動更新', 'data_sync', '0 0 1 * *', TRUE, '2026-12-31 06:00:00', '2025-06-27 10:00:00', '2025-06-27 10:00:00');

SELECT setval('jobs_id_seq', 10);

-- ----------------------------------------------------------
-- job_logs
-- ----------------------------------------------------------
INSERT INTO job_logs (id, job_id, status, started_at, finished_at, message, created_at) VALUES
    (1, 1, 'success', '2025-06-28 05:00:00', '2025-06-28 05:02:19', 'レポート送信完了: 3 プロジェクト', '2025-06-28 05:02:19'),
    (2, 1, 'success', '2025-07-09 05:00:00', '2025-07-09 05:00:44', 'レポート送信完了: 18 プロジェクト', '2025-07-09 05:00:44'),
    (3, 1, 'success', '2025-07-20 06:00:00', '2025-07-20 06:01:26', 'レポート生成・送信完了', '2025-07-20 06:01:26'),
    (4, 1, 'success', '2025-07-22 04:00:00', '2025-07-22 04:00:58', 'レポート送信完了: 14 プロジェクト', '2025-07-22 04:00:58'),
    (5, 1, 'success', '2025-07-29 07:00:00', '2025-07-29 07:02:55', 'レポート送信完了: 11 プロジェクト', '2025-07-29 07:02:55'),
    (6, 1, 'success', '2025-08-06 01:00:00', '2025-08-06 01:01:17', 'レポート送信完了: 3 プロジェクト', '2025-08-06 01:01:17'),
    (7, 1, 'success', '2025-08-12 04:00:00', '2025-08-12 04:01:29', 'レポート送信完了: 16 プロジェクト', '2025-08-12 04:01:29'),
    (8, 1, 'success', '2025-08-18 07:00:00', '2025-08-18 07:00:26', 'レポート生成・送信完了', '2025-08-18 07:00:26'),
    (9, 1, 'failure', '2025-08-23 00:00:00', '2025-08-23 00:00:10', 'ディスク容量不足', '2025-08-23 00:00:10'),
    (10, 1, 'success', '2025-09-03 01:00:00', '2025-09-03 01:02:55', 'レポート送信完了: 16 プロジェクト', '2025-09-03 01:02:55'),
    (11, 1, 'success', '2025-09-12 02:00:00', '2025-09-12 02:01:26', 'レポート生成・送信完了', '2025-09-12 02:01:26'),
    (12, 1, 'success', '2025-09-23 02:00:00', '2025-09-23 02:00:49', 'レポート生成・送信完了', '2025-09-23 02:00:49'),
    (13, 1, 'success', '2025-10-05 09:00:00', '2025-10-05 09:00:52', 'レポート生成・送信完了', '2025-10-05 09:00:52'),
    (14, 1, 'success', '2025-10-17 03:00:00', '2025-10-17 03:00:54', 'レポート送信完了: 18 プロジェクト', '2025-10-17 03:00:54'),
    (15, 1, 'success', '2025-10-30 08:00:00', '2025-10-30 08:00:49', 'レポート送信完了: 14 プロジェクト', '2025-10-30 08:00:49'),
    (16, 1, 'success', '2025-11-04 07:00:00', '2025-11-04 07:02:17', 'レポート生成・送信完了', '2025-11-04 07:02:17'),
    (17, 1, 'success', '2025-11-14 06:00:00', '2025-11-14 06:02:32', 'レポート生成・送信完了', '2025-11-14 06:02:32'),
    (18, 1, 'success', '2025-11-24 02:00:00', '2025-11-24 02:02:54', 'レポート生成・送信完了', '2025-11-24 02:02:54'),
    (19, 1, 'success', '2025-12-04 01:00:00', '2025-12-04 01:02:54', 'レポート送信完了: 7 プロジェクト', '2025-12-04 01:02:54'),
    (20, 1, 'success', '2025-12-06 02:00:00', '2025-12-06 02:01:37', 'レポート生成・送信完了', '2025-12-06 02:01:37'),
    (21, 1, 'success', '2025-12-09 09:00:00', '2025-12-09 09:01:40', 'レポート生成・送信完了', '2025-12-09 09:01:40'),
    (22, 1, 'success', '2025-12-21 02:00:00', '2025-12-21 02:02:24', 'レポート生成・送信完了', '2025-12-21 02:02:24'),
    (23, 1, 'failure', '2025-12-27 07:00:00', '2025-12-27 07:00:10', 'ディスク容量不足', '2025-12-27 07:00:10'),
    (24, 1, 'success', '2025-12-28 07:00:00', '2025-12-28 07:00:36', 'レポート生成・送信完了', '2025-12-28 07:00:36'),
    (25, 1, 'success', '2026-01-06 07:00:00', '2026-01-06 07:01:46', 'レポート生成・送信完了', '2026-01-06 07:01:46'),
    (26, 1, 'success', '2026-01-14 02:00:00', '2026-01-14 02:00:23', 'レポート送信完了: 9 プロジェクト', '2026-01-14 02:00:23'),
    (27, 1, 'success', '2026-01-19 03:00:00', '2026-01-19 03:02:19', 'レポート生成・送信完了', '2026-01-19 03:02:19'),
    (28, 1, 'success', '2026-01-28 08:00:00', '2026-01-28 08:00:30', 'レポート生成・送信完了', '2026-01-28 08:00:30'),
    (29, 1, 'success', '2026-02-11 05:00:00', '2026-02-11 05:02:20', 'レポート送信完了: 24 プロジェクト', '2026-02-11 05:02:20'),
    (30, 1, 'success', '2026-02-20 03:00:00', '2026-02-20 03:01:50', 'レポート送信完了: 9 プロジェクト', '2026-02-20 03:01:50'),
    (31, 1, 'success', '2026-02-28 04:00:00', '2026-02-28 04:01:31', 'レポート送信完了: 14 プロジェクト', '2026-02-28 04:01:31'),
    (32, 1, 'success', '2026-03-13 03:00:00', '2026-03-13 03:00:55', 'レポート生成・送信完了', '2026-03-13 03:00:55'),
    (33, 1, 'success', '2026-03-24 06:00:00', '2026-03-24 06:00:44', 'レポート送信完了: 26 プロジェクト', '2026-03-24 06:00:44'),
    (34, 1, 'success', '2026-04-06 00:00:00', '2026-04-06 00:02:27', 'レポート生成・送信完了', '2026-04-06 00:02:27'),
    (35, 1, 'success', '2026-04-09 05:00:00', '2026-04-09 05:01:16', 'レポート生成・送信完了', '2026-04-09 05:01:16'),
    (36, 1, 'success', '2026-04-20 01:00:00', '2026-04-20 01:00:36', 'レポート生成・送信完了', '2026-04-20 01:00:36'),
    (37, 1, 'success', '2026-04-25 02:00:00', '2026-04-25 02:00:35', 'レポート生成・送信完了', '2026-04-25 02:00:35'),
    (38, 2, 'success', '2025-03-18 06:00:00', '2025-03-18 06:02:07', 'トークン更新完了', '2025-03-18 06:02:07'),
    (39, 2, 'failure', '2025-03-25 06:00:00', '2025-03-25 06:00:10', 'ネットワークタイムアウト', '2025-03-25 06:00:10'),
    (40, 2, 'success', '2025-04-07 01:00:00', '2025-04-07 01:01:45', 'バックアップ完了: 22 テーブル', '2025-04-07 01:01:45'),
    (41, 2, 'success', '2025-04-15 07:00:00', '2025-04-15 07:01:25', 'トークン更新完了', '2025-04-15 07:01:25'),
    (42, 2, 'success', '2025-04-26 05:00:00', '2025-04-26 05:00:18', 'バックアップ完了: 6 テーブル', '2025-04-26 05:00:18'),
    (43, 2, 'success', '2025-05-10 03:00:00', '2025-05-10 03:02:08', 'バックアップ完了: 10 テーブル', '2025-05-10 03:02:08'),
    (44, 2, 'success', '2025-05-20 02:00:00', '2025-05-20 02:02:26', 'バックアップ完了: 28 テーブル', '2025-05-20 02:02:26'),
    (45, 2, 'success', '2025-06-02 00:00:00', '2025-06-02 00:00:13', 'バックアップ完了: 0 テーブル', '2025-06-02 00:00:13'),
    (46, 2, 'success', '2025-06-16 02:00:00', '2025-06-16 02:01:54', 'バックアップ完了: 6 テーブル', '2025-06-16 02:01:54'),
    (47, 2, 'success', '2025-06-27 04:00:00', '2025-06-27 04:00:42', 'バックアップ完了: 2 テーブル', '2025-06-27 04:00:42'),
    (48, 2, 'success', '2025-07-03 04:00:00', '2025-07-03 04:00:23', 'トークン更新完了', '2025-07-03 04:00:23'),
    (49, 2, 'success', '2025-07-10 04:00:00', '2025-07-10 04:01:01', '同期完了: 追加 22 件, 更新 1 件', '2025-07-10 04:01:01'),
    (50, 2, 'failure', '2025-07-11 03:00:00', '2025-07-11 03:00:10', 'データベース接続エラー', '2025-07-11 03:00:10'),
    (51, 2, 'success', '2025-07-15 08:00:00', '2025-07-15 08:02:56', '同期完了: 追加 22 件, 更新 5 件', '2025-07-15 08:02:56'),
    (52, 2, 'success', '2025-07-29 01:00:00', '2025-07-29 01:01:50', 'バックアップ完了: 2 テーブル', '2025-07-29 01:01:50'),
    (53, 2, 'success', '2025-08-05 01:00:00', '2025-08-05 01:00:28', 'バックアップ完了: 28 テーブル', '2025-08-05 01:00:28'),
    (54, 2, 'success', '2025-08-08 06:00:00', '2025-08-08 06:00:36', 'トークン更新完了', '2025-08-08 06:00:36'),
    (55, 2, 'success', '2025-08-17 09:00:00', '2025-08-17 09:00:04', '同期完了: 追加 14 件, 更新 5 件', '2025-08-17 09:00:04'),
    (56, 2, 'success', '2025-08-29 03:00:00', '2025-08-29 03:02:42', 'バックアップ完了: 19 テーブル', '2025-08-29 03:02:42'),
    (57, 2, 'success', '2025-09-06 03:00:00', '2025-09-06 03:00:24', '同期完了: 追加 24 件, 更新 1 件', '2025-09-06 03:00:24'),
    (58, 2, 'success', '2025-09-16 06:00:00', '2025-09-16 06:01:31', 'バックアップ完了: 25 テーブル', '2025-09-16 06:01:31'),
    (59, 2, 'success', '2025-09-20 04:00:00', '2025-09-20 04:02:47', 'トークン更新完了', '2025-09-20 04:02:47'),
    (60, 2, 'success', '2025-10-02 09:00:00', '2025-10-02 09:01:14', 'トークン更新完了', '2025-10-02 09:01:14'),
    (61, 2, 'success', '2025-10-07 03:00:00', '2025-10-07 03:02:14', '同期完了: 追加 23 件, 更新 6 件', '2025-10-07 03:02:14'),
    (62, 2, 'success', '2025-10-12 00:00:00', '2025-10-12 00:01:03', '同期完了: 追加 7 件, 更新 7 件', '2025-10-12 00:01:03'),
    (63, 2, 'success', '2025-10-23 09:00:00', '2025-10-23 09:00:20', '同期完了: 追加 11 件, 更新 5 件', '2025-10-23 09:00:20'),
    (64, 2, 'success', '2025-10-26 06:00:00', '2025-10-26 06:02:27', 'トークン更新完了', '2025-10-26 06:02:27'),
    (65, 2, 'failure', '2025-11-08 07:00:00', '2025-11-08 07:00:10', 'SMTP 接続タイムアウト', '2025-11-08 07:00:10'),
    (66, 2, 'failure', '2025-11-09 04:00:00', '2025-11-09 04:00:10', 'SMTP 接続タイムアウト', '2025-11-09 04:00:10'),
    (67, 2, 'success', '2025-11-22 06:00:00', '2025-11-22 06:02:11', 'トークン更新完了', '2025-11-22 06:02:11'),
    (68, 2, 'success', '2025-11-29 06:00:00', '2025-11-29 06:00:23', 'トークン更新完了', '2025-11-29 06:00:23'),
    (69, 2, 'failure', '2025-12-04 01:00:00', '2025-12-04 01:00:10', '外部 API 接続エラー', '2025-12-04 01:00:10'),
    (70, 2, 'success', '2025-12-17 02:00:00', '2025-12-17 02:02:19', 'トークン更新完了', '2025-12-17 02:02:19'),
    (71, 2, 'success', '2025-12-28 01:00:00', '2025-12-28 01:01:21', 'トークン更新完了', '2025-12-28 01:01:21'),
    (72, 2, 'success', '2025-12-29 03:00:00', '2025-12-29 03:00:24', '同期完了: 追加 14 件, 更新 9 件', '2025-12-29 03:00:24'),
    (73, 2, 'success', '2026-01-08 00:00:00', '2026-01-08 00:01:21', 'トークン更新完了', '2026-01-08 00:01:21'),
    (74, 2, 'success', '2026-01-10 00:00:00', '2026-01-10 00:00:37', '同期完了: 追加 15 件, 更新 5 件', '2026-01-10 00:00:37'),
    (75, 2, 'success', '2026-01-19 08:00:00', '2026-01-19 08:01:08', '同期完了: 追加 23 件, 更新 4 件', '2026-01-19 08:01:08'),
    (76, 2, 'success', '2026-01-31 01:00:00', '2026-01-31 01:00:09', 'バックアップ完了: 8 テーブル', '2026-01-31 01:00:09'),
    (77, 2, 'success', '2026-02-02 04:00:00', '2026-02-02 04:02:29', 'バックアップ完了: 14 テーブル', '2026-02-02 04:02:29'),
    (78, 2, 'success', '2026-02-08 00:00:00', '2026-02-08 00:02:09', '同期完了: 追加 11 件, 更新 2 件', '2026-02-08 00:02:09'),
    (79, 2, 'success', '2026-02-13 01:00:00', '2026-02-13 01:02:28', '同期完了: 追加 7 件, 更新 8 件', '2026-02-13 01:02:28'),
    (80, 2, 'success', '2026-02-14 00:00:00', '2026-02-14 00:00:05', 'バックアップ完了: 11 テーブル', '2026-02-14 00:00:05'),
    (81, 2, 'success', '2026-02-17 02:00:00', '2026-02-17 02:00:11', 'トークン更新完了', '2026-02-17 02:00:11'),
    (82, 3, 'success', '2025-04-15 05:00:00', '2025-04-15 05:01:05', 'クリーンアップ完了: 10 ファイル', '2025-04-15 05:01:05'),
    (83, 3, 'success', '2025-04-29 01:00:00', '2025-04-29 01:02:28', 'クリーンアップ完了: 21 ファイル', '2025-04-29 01:02:28'),
    (84, 3, 'success', '2025-05-02 03:00:00', '2025-05-02 03:02:14', 'アーカイブ完了: 2 件', '2025-05-02 03:02:14'),
    (85, 3, 'success', '2025-05-16 04:00:00', '2025-05-16 04:01:21', 'クリーンアップ完了: 14 ファイル', '2025-05-16 04:01:21'),
    (86, 3, 'success', '2025-05-22 03:00:00', '2025-05-22 03:01:16', 'アーカイブ完了: 23 件', '2025-05-22 03:01:16'),
    (87, 3, 'success', '2025-05-26 07:00:00', '2025-05-26 07:01:36', 'アーカイブ完了: 24 件', '2025-05-26 07:01:36'),
    (88, 3, 'success', '2025-06-07 08:00:00', '2025-06-07 08:01:04', 'アーカイブ完了: 0 件', '2025-06-07 08:01:04'),
    (89, 3, 'success', '2025-06-16 05:00:00', '2025-06-16 05:02:44', '削除完了: 30 件', '2025-06-16 05:02:44'),
    (90, 3, 'success', '2025-06-17 06:00:00', '2025-06-17 06:01:20', 'クリーンアップ完了: 7 ファイル', '2025-06-17 06:01:20'),
    (91, 3, 'success', '2025-06-25 00:00:00', '2025-06-25 00:00:38', '削除完了: 1 件', '2025-06-25 00:00:38'),
    (92, 3, 'success', '2025-07-09 08:00:00', '2025-07-09 08:01:47', 'アーカイブ完了: 14 件', '2025-07-09 08:01:47'),
    (93, 3, 'success', '2025-07-19 01:00:00', '2025-07-19 01:02:11', 'アーカイブ完了: 2 件', '2025-07-19 01:02:11'),
    (94, 3, 'success', '2025-07-29 00:00:00', '2025-07-29 00:01:53', '削除完了: 7 件', '2025-07-29 00:01:53'),
    (95, 3, 'success', '2025-08-03 05:00:00', '2025-08-03 05:01:42', 'クリーンアップ完了: 10 ファイル', '2025-08-03 05:01:42'),
    (96, 3, 'failure', '2025-08-11 04:00:00', '2025-08-11 04:00:10', '外部 API 接続エラー', '2025-08-11 04:00:10'),
    (97, 3, 'success', '2025-08-14 09:00:00', '2025-08-14 09:00:29', '削除完了: 14 件', '2025-08-14 09:00:29'),
    (98, 3, 'success', '2025-08-20 06:00:00', '2025-08-20 06:00:32', '削除完了: 14 件', '2025-08-20 06:00:32'),
    (99, 3, 'success', '2025-08-28 04:00:00', '2025-08-28 04:00:32', 'クリーンアップ完了: 9 ファイル', '2025-08-28 04:00:32'),
    (100, 3, 'success', '2025-08-29 03:00:00', '2025-08-29 03:01:25', 'クリーンアップ完了: 7 ファイル', '2025-08-29 03:01:25'),
    (101, 3, 'success', '2025-09-05 08:00:00', '2025-09-05 08:00:14', 'アーカイブ完了: 26 件', '2025-09-05 08:00:14'),
    (102, 3, 'success', '2025-09-06 06:00:00', '2025-09-06 06:01:57', 'クリーンアップ完了: 7 ファイル', '2025-09-06 06:01:57'),
    (103, 3, 'success', '2025-09-14 01:00:00', '2025-09-14 01:00:37', '削除完了: 26 件', '2025-09-14 01:00:37'),
    (104, 3, 'success', '2025-09-17 03:00:00', '2025-09-17 03:01:44', 'クリーンアップ完了: 30 ファイル', '2025-09-17 03:01:44'),
    (105, 3, 'success', '2025-09-19 09:00:00', '2025-09-19 09:02:32', '削除完了: 0 件', '2025-09-19 09:02:32'),
    (106, 3, 'success', '2025-09-23 07:00:00', '2025-09-23 07:00:34', 'アーカイブ完了: 3 件', '2025-09-23 07:00:34'),
    (107, 3, 'success', '2025-10-01 00:00:00', '2025-10-01 00:00:45', 'アーカイブ完了: 26 件', '2025-10-01 00:00:45'),
    (108, 3, 'success', '2025-10-09 00:00:00', '2025-10-09 00:01:39', '削除完了: 11 件', '2025-10-09 00:01:39'),
    (109, 3, 'success', '2025-10-12 04:00:00', '2025-10-12 04:01:13', '削除完了: 1 件', '2025-10-12 04:01:13'),
    (110, 3, 'success', '2025-10-22 09:00:00', '2025-10-22 09:01:04', 'アーカイブ完了: 13 件', '2025-10-22 09:01:04'),
    (111, 3, 'success', '2025-10-30 00:00:00', '2025-10-30 00:00:24', '削除完了: 13 件', '2025-10-30 00:00:24'),
    (112, 3, 'success', '2025-11-10 08:00:00', '2025-11-10 08:01:05', 'クリーンアップ完了: 25 ファイル', '2025-11-10 08:01:05'),
    (113, 3, 'success', '2025-11-17 05:00:00', '2025-11-17 05:02:04', 'アーカイブ完了: 11 件', '2025-11-17 05:02:04'),
    (114, 3, 'success', '2025-11-26 05:00:00', '2025-11-26 05:01:41', '削除完了: 10 件', '2025-11-26 05:01:41'),
    (115, 4, 'success', '2025-02-22 04:00:00', '2025-02-22 04:00:16', 'アーカイブ完了: 16 件', '2025-02-22 04:00:16'),
    (116, 4, 'success', '2025-03-07 09:00:00', '2025-03-07 09:01:01', '削除完了: 7 件', '2025-03-07 09:01:01'),
    (117, 4, 'success', '2025-03-11 04:00:00', '2025-03-11 04:02:18', 'クリーンアップ完了: 1 ファイル', '2025-03-11 04:02:18'),
    (118, 4, 'success', '2025-03-21 06:00:00', '2025-03-21 06:01:32', '削除完了: 5 件', '2025-03-21 06:01:32'),
    (119, 4, 'success', '2025-03-31 05:00:00', '2025-03-31 05:03:00', 'クリーンアップ完了: 0 ファイル', '2025-03-31 05:03:00'),
    (120, 4, 'success', '2025-04-10 09:00:00', '2025-04-10 09:00:38', '削除完了: 26 件', '2025-04-10 09:00:38'),
    (121, 4, 'success', '2025-04-19 04:00:00', '2025-04-19 04:00:46', '削除完了: 1 件', '2025-04-19 04:00:46'),
    (122, 4, 'success', '2025-04-29 03:00:00', '2025-04-29 03:00:07', '削除完了: 10 件', '2025-04-29 03:00:07'),
    (123, 4, 'success', '2025-05-03 02:00:00', '2025-05-03 02:01:29', 'アーカイブ完了: 1 件', '2025-05-03 02:01:29'),
    (124, 4, 'success', '2025-05-06 09:00:00', '2025-05-06 09:00:38', 'クリーンアップ完了: 27 ファイル', '2025-05-06 09:00:38'),
    (125, 4, 'success', '2025-05-08 05:00:00', '2025-05-08 05:02:51', '削除完了: 10 件', '2025-05-08 05:02:51'),
    (126, 4, 'success', '2025-05-14 02:00:00', '2025-05-14 02:00:42', 'アーカイブ完了: 25 件', '2025-05-14 02:00:42'),
    (127, 4, 'success', '2025-05-22 05:00:00', '2025-05-22 05:00:46', 'クリーンアップ完了: 22 ファイル', '2025-05-22 05:00:46'),
    (128, 4, 'success', '2025-06-04 05:00:00', '2025-06-04 05:00:59', '削除完了: 12 件', '2025-06-04 05:00:59'),
    (129, 4, 'success', '2025-06-16 04:00:00', '2025-06-16 04:00:34', '削除完了: 30 件', '2025-06-16 04:00:34'),
    (130, 4, 'success', '2025-06-23 09:00:00', '2025-06-23 09:00:10', 'アーカイブ完了: 29 件', '2025-06-23 09:00:10'),
    (131, 4, 'success', '2025-06-27 09:00:00', '2025-06-27 09:00:28', '削除完了: 10 件', '2025-06-27 09:00:28'),
    (132, 4, 'success', '2025-07-01 05:00:00', '2025-07-01 05:01:23', '削除完了: 26 件', '2025-07-01 05:01:23'),
    (133, 4, 'failure', '2025-07-12 05:00:00', '2025-07-12 05:00:10', '外部 API 接続エラー', '2025-07-12 05:00:10'),
    (134, 4, 'success', '2025-07-16 01:00:00', '2025-07-16 01:01:31', '削除完了: 23 件', '2025-07-16 01:01:31'),
    (135, 4, 'success', '2025-07-17 06:00:00', '2025-07-17 06:01:54', '削除完了: 28 件', '2025-07-17 06:01:54'),
    (136, 4, 'success', '2025-07-25 06:00:00', '2025-07-25 06:01:31', '削除完了: 26 件', '2025-07-25 06:01:31'),
    (137, 4, 'success', '2025-08-07 09:00:00', '2025-08-07 09:02:48', '削除完了: 5 件', '2025-08-07 09:02:48'),
    (138, 4, 'failure', '2025-08-09 00:00:00', '2025-08-09 00:00:10', 'ディスク容量不足', '2025-08-09 00:00:10'),
    (139, 4, 'success', '2025-08-11 01:00:00', '2025-08-11 01:01:29', 'アーカイブ完了: 5 件', '2025-08-11 01:01:29'),
    (140, 4, 'success', '2025-08-20 01:00:00', '2025-08-20 01:01:28', 'クリーンアップ完了: 28 ファイル', '2025-08-20 01:01:28'),
    (141, 4, 'success', '2025-09-01 00:00:00', '2025-09-01 00:01:52', '削除完了: 19 件', '2025-09-01 00:01:52'),
    (142, 5, 'success', '2025-04-30 01:00:00', '2025-04-30 01:01:26', '同期完了: 追加 13 件, 更新 8 件', '2025-04-30 01:01:26'),
    (143, 5, 'success', '2025-05-12 08:00:00', '2025-05-12 08:01:09', 'バックアップ完了: 7 テーブル', '2025-05-12 08:01:09'),
    (144, 5, 'success', '2025-05-13 06:00:00', '2025-05-13 06:02:28', 'バックアップ完了: 4 テーブル', '2025-05-13 06:02:28'),
    (145, 5, 'success', '2025-05-19 00:00:00', '2025-05-19 00:01:51', 'トークン更新完了', '2025-05-19 00:01:51'),
    (146, 5, 'failure', '2025-05-27 03:00:00', '2025-05-27 03:00:10', '外部 API 接続エラー', '2025-05-27 03:00:10'),
    (147, 5, 'success', '2025-06-07 04:00:00', '2025-06-07 04:00:22', '同期完了: 追加 9 件, 更新 6 件', '2025-06-07 04:00:22'),
    (148, 5, 'success', '2025-06-15 07:00:00', '2025-06-15 07:02:51', 'トークン更新完了', '2025-06-15 07:02:51'),
    (149, 5, 'success', '2025-06-18 05:00:00', '2025-06-18 05:01:39', 'バックアップ完了: 1 テーブル', '2025-06-18 05:01:39'),
    (150, 5, 'success', '2025-06-26 07:00:00', '2025-06-26 07:01:09', 'バックアップ完了: 18 テーブル', '2025-06-26 07:01:09'),
    (151, 5, 'success', '2025-06-29 01:00:00', '2025-06-29 01:00:23', 'トークン更新完了', '2025-06-29 01:00:23'),
    (152, 5, 'success', '2025-07-03 08:00:00', '2025-07-03 08:00:17', 'トークン更新完了', '2025-07-03 08:00:17'),
    (153, 5, 'success', '2025-07-14 07:00:00', '2025-07-14 07:02:28', 'バックアップ完了: 9 テーブル', '2025-07-14 07:02:28'),
    (154, 5, 'success', '2025-07-21 00:00:00', '2025-07-21 00:02:10', 'トークン更新完了', '2025-07-21 00:02:10'),
    (155, 5, 'success', '2025-08-01 09:00:00', '2025-08-01 09:00:39', 'バックアップ完了: 5 テーブル', '2025-08-01 09:00:39'),
    (156, 5, 'failure', '2025-08-05 03:00:00', '2025-08-05 03:00:10', 'SMTP 接続タイムアウト', '2025-08-05 03:00:10'),
    (157, 5, 'success', '2025-08-16 06:00:00', '2025-08-16 06:00:53', 'トークン更新完了', '2025-08-16 06:00:53'),
    (158, 5, 'success', '2025-08-21 05:00:00', '2025-08-21 05:00:19', 'トークン更新完了', '2025-08-21 05:00:19'),
    (159, 5, 'success', '2025-08-27 04:00:00', '2025-08-27 04:02:15', '同期完了: 追加 25 件, 更新 9 件', '2025-08-27 04:02:15'),
    (160, 5, 'success', '2025-09-06 08:00:00', '2025-09-06 08:01:49', '同期完了: 追加 4 件, 更新 9 件', '2025-09-06 08:01:49'),
    (161, 5, 'success', '2025-09-16 09:00:00', '2025-09-16 09:00:27', 'トークン更新完了', '2025-09-16 09:00:27'),
    (162, 5, 'success', '2025-09-29 04:00:00', '2025-09-29 04:02:19', 'バックアップ完了: 8 テーブル', '2025-09-29 04:02:19'),
    (163, 5, 'success', '2025-10-10 07:00:00', '2025-10-10 07:02:28', '同期完了: 追加 5 件, 更新 4 件', '2025-10-10 07:02:28'),
    (164, 5, 'success', '2025-10-17 02:00:00', '2025-10-17 02:02:40', 'トークン更新完了', '2025-10-17 02:02:40'),
    (165, 5, 'success', '2025-10-24 05:00:00', '2025-10-24 05:02:58', 'トークン更新完了', '2025-10-24 05:02:58'),
    (166, 5, 'success', '2025-10-30 00:00:00', '2025-10-30 00:01:28', 'バックアップ完了: 9 テーブル', '2025-10-30 00:01:28'),
    (167, 6, 'success', '2025-07-05 01:00:00', '2025-07-05 01:01:00', 'レポート生成・送信完了', '2025-07-05 01:01:00'),
    (168, 6, 'success', '2025-07-10 06:00:00', '2025-07-10 06:02:36', 'レポート送信完了: 14 プロジェクト', '2025-07-10 06:02:36'),
    (169, 6, 'success', '2025-07-24 06:00:00', '2025-07-24 06:02:06', 'レポート生成・送信完了', '2025-07-24 06:02:06'),
    (170, 6, 'success', '2025-08-02 02:00:00', '2025-08-02 02:00:18', 'レポート生成・送信完了', '2025-08-02 02:00:18'),
    (171, 6, 'success', '2025-08-12 00:00:00', '2025-08-12 00:00:46', 'レポート送信完了: 26 プロジェクト', '2025-08-12 00:00:46'),
    (172, 6, 'failure', '2025-08-16 00:00:00', '2025-08-16 00:00:10', 'ディスク容量不足', '2025-08-16 00:00:10'),
    (173, 6, 'success', '2025-08-28 03:00:00', '2025-08-28 03:01:12', 'レポート生成・送信完了', '2025-08-28 03:01:12'),
    (174, 6, 'failure', '2025-09-08 01:00:00', '2025-09-08 01:00:10', 'ディスク容量不足', '2025-09-08 01:00:10'),
    (175, 6, 'success', '2025-09-16 09:00:00', '2025-09-16 09:01:56', 'レポート生成・送信完了', '2025-09-16 09:01:56'),
    (176, 6, 'success', '2025-09-22 05:00:00', '2025-09-22 05:00:43', 'レポート生成・送信完了', '2025-09-22 05:00:43'),
    (177, 6, 'failure', '2025-09-27 00:00:00', '2025-09-27 00:00:10', 'ネットワークタイムアウト', '2025-09-27 00:00:10'),
    (178, 6, 'success', '2025-10-07 03:00:00', '2025-10-07 03:00:58', 'レポート送信完了: 8 プロジェクト', '2025-10-07 03:00:58'),
    (179, 6, 'success', '2025-10-14 08:00:00', '2025-10-14 08:00:07', 'レポート送信完了: 15 プロジェクト', '2025-10-14 08:00:07'),
    (180, 6, 'success', '2025-10-25 02:00:00', '2025-10-25 02:02:35', 'レポート送信完了: 8 プロジェクト', '2025-10-25 02:02:35'),
    (181, 6, 'success', '2025-11-07 04:00:00', '2025-11-07 04:02:46', 'レポート生成・送信完了', '2025-11-07 04:02:46'),
    (182, 6, 'success', '2025-11-15 04:00:00', '2025-11-15 04:00:57', 'レポート生成・送信完了', '2025-11-15 04:00:57'),
    (183, 6, 'success', '2025-11-16 08:00:00', '2025-11-16 08:02:51', 'レポート生成・送信完了', '2025-11-16 08:02:51'),
    (184, 6, 'success', '2025-11-26 09:00:00', '2025-11-26 09:01:14', 'レポート送信完了: 15 プロジェクト', '2025-11-26 09:01:14'),
    (185, 6, 'success', '2025-12-02 04:00:00', '2025-12-02 04:02:45', 'レポート生成・送信完了', '2025-12-02 04:02:45'),
    (186, 6, 'success', '2025-12-14 04:00:00', '2025-12-14 04:00:50', 'レポート送信完了: 28 プロジェクト', '2025-12-14 04:00:50'),
    (187, 6, 'success', '2025-12-27 09:00:00', '2025-12-27 09:01:45', 'レポート送信完了: 23 プロジェクト', '2025-12-27 09:01:45'),
    (188, 6, 'success', '2026-01-07 07:00:00', '2026-01-07 07:01:17', 'レポート生成・送信完了', '2026-01-07 07:01:17'),
    (189, 6, 'success', '2026-01-19 00:00:00', '2026-01-19 00:02:31', 'レポート送信完了: 10 プロジェクト', '2026-01-19 00:02:31'),
    (190, 6, 'success', '2026-01-30 08:00:00', '2026-01-30 08:02:45', 'レポート生成・送信完了', '2026-01-30 08:02:45'),
    (191, 6, 'success', '2026-02-13 02:00:00', '2026-02-13 02:02:50', 'レポート送信完了: 9 プロジェクト', '2026-02-13 02:02:50'),
    (192, 6, 'success', '2026-02-21 02:00:00', '2026-02-21 02:01:08', 'レポート送信完了: 30 プロジェクト', '2026-02-21 02:01:08'),
    (193, 6, 'success', '2026-02-27 01:00:00', '2026-02-27 01:00:58', 'レポート生成・送信完了', '2026-02-27 01:00:58'),
    (194, 6, 'success', '2026-03-05 04:00:00', '2026-03-05 04:02:31', 'レポート送信完了: 15 プロジェクト', '2026-03-05 04:02:31'),
    (195, 6, 'success', '2026-03-19 09:00:00', '2026-03-19 09:02:30', 'レポート送信完了: 15 プロジェクト', '2026-03-19 09:02:30'),
    (196, 6, 'success', '2026-03-28 01:00:00', '2026-03-28 01:02:56', 'レポート生成・送信完了', '2026-03-28 01:02:56'),
    (197, 6, 'success', '2026-04-11 02:00:00', '2026-04-11 02:00:37', 'レポート生成・送信完了', '2026-04-11 02:00:37'),
    (198, 6, 'success', '2026-04-19 02:00:00', '2026-04-19 02:01:22', 'レポート送信完了: 24 プロジェクト', '2026-04-19 02:01:22'),
    (199, 6, 'success', '2026-04-27 05:00:00', '2026-04-27 05:02:43', 'レポート生成・送信完了', '2026-04-27 05:02:43'),
    (200, 6, 'success', '2026-04-28 07:00:00', '2026-04-28 07:01:12', 'レポート送信完了: 18 プロジェクト', '2026-04-28 07:01:12'),
    (201, 6, 'success', '2026-05-06 01:00:00', '2026-05-06 01:00:35', 'レポート生成・送信完了', '2026-05-06 01:00:35'),
    (202, 6, 'failure', '2026-05-14 06:00:00', '2026-05-14 06:00:03', '外部 API 接続エラー', '2026-05-14 06:00:03'),
    (203, 6, 'success', '2026-05-26 05:00:00', '2026-05-26 05:00:05', 'レポート送信完了: 0 プロジェクト', '2026-05-26 05:00:05'),
    (204, 6, 'success', '2026-05-27 03:00:00', '2026-05-27 03:00:59', 'レポート生成・送信完了', '2026-05-27 03:00:59'),
    (205, 6, 'success', '2026-05-29 06:00:00', '2026-05-29 06:02:10', 'レポート送信完了: 2 プロジェクト', '2026-05-29 06:02:10'),
    (206, 6, 'success', '2026-06-03 04:00:00', '2026-06-03 04:01:58', 'レポート生成・送信完了', '2026-06-03 04:01:58'),
    (207, 6, 'success', '2026-06-06 05:00:00', '2026-06-06 05:02:07', 'レポート送信完了: 5 プロジェクト', '2026-06-06 05:02:07'),
    (208, 6, 'success', '2026-06-07 03:00:00', '2026-06-07 03:00:59', 'レポート送信完了: 6 プロジェクト', '2026-06-07 03:00:59'),
    (209, 6, 'success', '2026-06-17 08:00:00', '2026-06-17 08:00:45', 'レポート送信完了: 12 プロジェクト', '2026-06-17 08:00:45'),
    (210, 6, 'failure', '2026-06-22 08:00:00', '2026-06-22 08:00:10', 'SMTP 接続タイムアウト', '2026-06-22 08:00:10'),
    (211, 6, 'success', '2026-07-03 01:00:00', '2026-07-03 01:02:49', 'レポート送信完了: 22 プロジェクト', '2026-07-03 01:02:49'),
    (212, 6, 'success', '2026-07-10 07:00:00', '2026-07-10 07:01:39', 'レポート生成・送信完了', '2026-07-10 07:01:39'),
    (213, 7, 'success', '2025-04-27 00:00:00', '2025-04-27 00:01:19', 'レポート送信完了: 21 プロジェクト', '2025-04-27 00:01:19'),
    (214, 7, 'success', '2025-05-02 09:00:00', '2025-05-02 09:02:37', 'レポート生成・送信完了', '2025-05-02 09:02:37'),
    (215, 7, 'success', '2025-05-11 09:00:00', '2025-05-11 09:00:32', 'レポート送信完了: 15 プロジェクト', '2025-05-11 09:00:32'),
    (216, 7, 'success', '2025-05-21 03:00:00', '2025-05-21 03:01:09', 'レポート送信完了: 11 プロジェクト', '2025-05-21 03:01:09'),
    (217, 7, 'success', '2025-05-26 02:00:00', '2025-05-26 02:00:12', 'レポート送信完了: 22 プロジェクト', '2025-05-26 02:00:12'),
    (218, 7, 'failure', '2025-06-01 03:00:00', '2025-06-01 03:00:02', 'SMTP 接続タイムアウト', '2025-06-01 03:00:02'),
    (219, 7, 'success', '2025-06-03 09:00:00', '2025-06-03 09:02:53', 'レポート送信完了: 24 プロジェクト', '2025-06-03 09:02:53'),
    (220, 7, 'success', '2025-06-05 01:00:00', '2025-06-05 01:01:07', 'レポート生成・送信完了', '2025-06-05 01:01:07'),
    (221, 7, 'success', '2025-06-13 00:00:00', '2025-06-13 00:00:27', 'レポート送信完了: 27 プロジェクト', '2025-06-13 00:00:27'),
    (222, 7, 'success', '2025-06-19 05:00:00', '2025-06-19 05:01:51', 'レポート送信完了: 27 プロジェクト', '2025-06-19 05:01:51'),
    (223, 7, 'success', '2025-06-20 02:00:00', '2025-06-20 02:02:51', 'レポート生成・送信完了', '2025-06-20 02:02:51'),
    (224, 7, 'success', '2025-06-30 04:00:00', '2025-06-30 04:00:25', 'レポート生成・送信完了', '2025-06-30 04:00:25'),
    (225, 7, 'success', '2025-07-07 06:00:00', '2025-07-07 06:01:58', 'レポート生成・送信完了', '2025-07-07 06:01:58'),
    (226, 7, 'success', '2025-07-20 06:00:00', '2025-07-20 06:02:48', 'レポート送信完了: 3 プロジェクト', '2025-07-20 06:02:48'),
    (227, 7, 'success', '2025-08-01 00:00:00', '2025-08-01 00:00:42', 'レポート生成・送信完了', '2025-08-01 00:00:42'),
    (228, 7, 'success', '2025-08-12 07:00:00', '2025-08-12 07:00:48', 'レポート生成・送信完了', '2025-08-12 07:00:48'),
    (229, 7, 'success', '2025-08-26 02:00:00', '2025-08-26 02:02:05', 'レポート送信完了: 28 プロジェクト', '2025-08-26 02:02:05'),
    (230, 7, 'success', '2025-09-03 00:00:00', '2025-09-03 00:00:18', 'レポート生成・送信完了', '2025-09-03 00:00:18'),
    (231, 7, 'success', '2025-09-12 09:00:00', '2025-09-12 09:02:26', 'レポート生成・送信完了', '2025-09-12 09:02:26'),
    (232, 7, 'success', '2025-09-24 09:00:00', '2025-09-24 09:00:26', 'レポート送信完了: 15 プロジェクト', '2025-09-24 09:00:26'),
    (233, 7, 'success', '2025-10-05 06:00:00', '2025-10-05 06:00:40', 'レポート送信完了: 0 プロジェクト', '2025-10-05 06:00:40'),
    (234, 7, 'success', '2025-10-08 08:00:00', '2025-10-08 08:02:02', 'レポート送信完了: 2 プロジェクト', '2025-10-08 08:02:02'),
    (235, 7, 'success', '2025-10-14 03:00:00', '2025-10-14 03:01:26', 'レポート送信完了: 16 プロジェクト', '2025-10-14 03:01:26'),
    (236, 7, 'success', '2025-10-23 06:00:00', '2025-10-23 06:01:45', 'レポート送信完了: 14 プロジェクト', '2025-10-23 06:01:45'),
    (237, 7, 'success', '2025-11-05 09:00:00', '2025-11-05 09:01:56', 'レポート生成・送信完了', '2025-11-05 09:01:56'),
    (238, 7, 'failure', '2025-11-07 07:00:00', '2025-11-07 07:00:10', '認証トークン期限切れ', '2025-11-07 07:00:10'),
    (239, 8, 'failure', '2025-03-20 08:00:00', '2025-03-20 08:00:10', 'SMTP 接続タイムアウト', '2025-03-20 08:00:10'),
    (240, 8, 'success', '2025-04-02 09:00:00', '2025-04-02 09:02:40', 'レポート送信完了: 20 プロジェクト', '2025-04-02 09:02:40'),
    (241, 8, 'success', '2025-04-10 05:00:00', '2025-04-10 05:01:35', 'レポート送信完了: 27 プロジェクト', '2025-04-10 05:01:35'),
    (242, 8, 'success', '2025-04-16 08:00:00', '2025-04-16 08:02:40', 'レポート生成・送信完了', '2025-04-16 08:02:40'),
    (243, 8, 'success', '2025-04-18 01:00:00', '2025-04-18 01:02:50', 'レポート生成・送信完了', '2025-04-18 01:02:50'),
    (244, 8, 'success', '2025-05-01 04:00:00', '2025-05-01 04:02:22', 'レポート送信完了: 1 プロジェクト', '2025-05-01 04:02:22'),
    (245, 8, 'success', '2025-05-09 02:00:00', '2025-05-09 02:01:46', 'レポート送信完了: 6 プロジェクト', '2025-05-09 02:01:46'),
    (246, 8, 'success', '2025-05-23 06:00:00', '2025-05-23 06:00:57', 'レポート送信完了: 22 プロジェクト', '2025-05-23 06:00:57'),
    (247, 8, 'success', '2025-05-25 06:00:00', '2025-05-25 06:00:13', 'レポート送信完了: 24 プロジェクト', '2025-05-25 06:00:13'),
    (248, 8, 'success', '2025-06-02 09:00:00', '2025-06-02 09:02:11', 'レポート生成・送信完了', '2025-06-02 09:02:11'),
    (249, 8, 'success', '2025-06-14 00:00:00', '2025-06-14 00:02:23', 'レポート生成・送信完了', '2025-06-14 00:02:23'),
    (250, 8, 'success', '2025-06-27 02:00:00', '2025-06-27 02:02:59', 'レポート送信完了: 3 プロジェクト', '2025-06-27 02:02:59'),
    (251, 8, 'success', '2025-07-08 09:00:00', '2025-07-08 09:02:37', 'レポート生成・送信完了', '2025-07-08 09:02:37'),
    (252, 8, 'success', '2025-07-20 03:00:00', '2025-07-20 03:01:12', 'レポート生成・送信完了', '2025-07-20 03:01:12'),
    (253, 8, 'success', '2025-08-02 02:00:00', '2025-08-02 02:00:37', 'レポート生成・送信完了', '2025-08-02 02:00:37'),
    (254, 8, 'success', '2025-08-16 05:00:00', '2025-08-16 05:02:23', 'レポート送信完了: 6 プロジェクト', '2025-08-16 05:02:23'),
    (255, 8, 'success', '2025-08-28 04:00:00', '2025-08-28 04:02:57', 'レポート送信完了: 22 プロジェクト', '2025-08-28 04:02:57'),
    (256, 8, 'success', '2025-08-31 08:00:00', '2025-08-31 08:02:20', 'レポート生成・送信完了', '2025-08-31 08:02:20'),
    (257, 8, 'success', '2025-09-13 05:00:00', '2025-09-13 05:02:25', 'レポート生成・送信完了', '2025-09-13 05:02:25'),
    (258, 8, 'success', '2025-09-18 06:00:00', '2025-09-18 06:00:05', 'レポート送信完了: 12 プロジェクト', '2025-09-18 06:00:05'),
    (259, 8, 'success', '2025-09-19 00:00:00', '2025-09-19 00:00:53', 'レポート送信完了: 9 プロジェクト', '2025-09-19 00:00:53'),
    (260, 8, 'success', '2025-09-24 02:00:00', '2025-09-24 02:00:17', 'レポート生成・送信完了', '2025-09-24 02:00:17'),
    (261, 8, 'success', '2025-09-25 05:00:00', '2025-09-25 05:01:57', 'レポート送信完了: 23 プロジェクト', '2025-09-25 05:01:57'),
    (262, 8, 'success', '2025-10-04 06:00:00', '2025-10-04 06:01:02', 'レポート生成・送信完了', '2025-10-04 06:01:02'),
    (263, 8, 'success', '2025-10-05 06:00:00', '2025-10-05 06:01:41', 'レポート生成・送信完了', '2025-10-05 06:01:41'),
    (264, 8, 'success', '2025-10-06 00:00:00', '2025-10-06 00:01:06', 'レポート生成・送信完了', '2025-10-06 00:01:06'),
    (265, 8, 'success', '2025-10-17 05:00:00', '2025-10-17 05:02:32', 'レポート送信完了: 24 プロジェクト', '2025-10-17 05:02:32'),
    (266, 8, 'success', '2025-10-22 07:00:00', '2025-10-22 07:00:47', 'レポート送信完了: 5 プロジェクト', '2025-10-22 07:00:47'),
    (267, 8, 'success', '2025-11-03 08:00:00', '2025-11-03 08:00:32', 'レポート生成・送信完了', '2025-11-03 08:00:32'),
    (268, 8, 'success', '2025-11-08 02:00:00', '2025-11-08 02:00:43', 'レポート生成・送信完了', '2025-11-08 02:00:43'),
    (269, 8, 'success', '2025-11-16 02:00:00', '2025-11-16 02:00:12', 'レポート生成・送信完了', '2025-11-16 02:00:12'),
    (270, 8, 'success', '2025-11-29 09:00:00', '2025-11-29 09:02:51', 'レポート生成・送信完了', '2025-11-29 09:02:51'),
    (271, 8, 'success', '2025-12-08 03:00:00', '2025-12-08 03:00:49', 'レポート送信完了: 13 プロジェクト', '2025-12-08 03:00:49'),
    (272, 9, 'success', '2025-06-10 01:00:00', '2025-06-10 01:01:31', '削除完了: 21 件', '2025-06-10 01:01:31'),
    (273, 9, 'success', '2025-06-16 05:00:00', '2025-06-16 05:01:17', 'クリーンアップ完了: 16 ファイル', '2025-06-16 05:01:17'),
    (274, 9, 'success', '2025-06-25 00:00:00', '2025-06-25 00:00:31', 'アーカイブ完了: 7 件', '2025-06-25 00:00:31'),
    (275, 9, 'success', '2025-07-05 09:00:00', '2025-07-05 09:01:04', 'クリーンアップ完了: 28 ファイル', '2025-07-05 09:01:04'),
    (276, 9, 'success', '2025-07-12 01:00:00', '2025-07-12 01:01:40', 'クリーンアップ完了: 9 ファイル', '2025-07-12 01:01:40'),
    (277, 9, 'success', '2025-07-21 05:00:00', '2025-07-21 05:02:13', 'アーカイブ完了: 15 件', '2025-07-21 05:02:13'),
    (278, 9, 'success', '2025-07-26 03:00:00', '2025-07-26 03:01:24', '削除完了: 5 件', '2025-07-26 03:01:24'),
    (279, 9, 'failure', '2025-08-04 00:00:00', '2025-08-04 00:00:10', 'メモリ不足エラー', '2025-08-04 00:00:10'),
    (280, 9, 'success', '2025-08-15 03:00:00', '2025-08-15 03:02:57', '削除完了: 6 件', '2025-08-15 03:02:57'),
    (281, 9, 'success', '2025-08-29 06:00:00', '2025-08-29 06:02:47', '削除完了: 23 件', '2025-08-29 06:02:47'),
    (282, 9, 'success', '2025-09-01 00:00:00', '2025-09-01 00:01:59', '削除完了: 2 件', '2025-09-01 00:01:59'),
    (283, 9, 'success', '2025-09-02 02:00:00', '2025-09-02 02:01:06', 'クリーンアップ完了: 26 ファイル', '2025-09-02 02:01:06'),
    (284, 9, 'success', '2025-09-07 06:00:00', '2025-09-07 06:01:41', 'アーカイブ完了: 13 件', '2025-09-07 06:01:41'),
    (285, 9, 'success', '2025-09-08 06:00:00', '2025-09-08 06:02:54', '削除完了: 20 件', '2025-09-08 06:02:54'),
    (286, 9, 'success', '2025-09-10 09:00:00', '2025-09-10 09:00:13', '削除完了: 11 件', '2025-09-10 09:00:13'),
    (287, 9, 'success', '2025-09-12 04:00:00', '2025-09-12 04:02:57', '削除完了: 9 件', '2025-09-12 04:02:57'),
    (288, 9, 'failure', '2025-09-19 06:00:00', '2025-09-19 06:00:10', '外部 API 接続エラー', '2025-09-19 06:00:10'),
    (289, 9, 'success', '2025-09-28 03:00:00', '2025-09-28 03:00:36', 'クリーンアップ完了: 9 ファイル', '2025-09-28 03:00:36'),
    (290, 9, 'success', '2025-10-01 04:00:00', '2025-10-01 04:02:55', 'クリーンアップ完了: 20 ファイル', '2025-10-01 04:02:55'),
    (291, 9, 'success', '2025-10-02 08:00:00', '2025-10-02 08:02:24', '削除完了: 0 件', '2025-10-02 08:02:24'),
    (292, 9, 'success', '2025-10-12 06:00:00', '2025-10-12 06:02:19', '削除完了: 9 件', '2025-10-12 06:02:19'),
    (293, 9, 'success', '2025-10-24 05:00:00', '2025-10-24 05:00:56', 'クリーンアップ完了: 27 ファイル', '2025-10-24 05:00:56'),
    (294, 9, 'success', '2025-10-27 02:00:00', '2025-10-27 02:00:49', 'アーカイブ完了: 6 件', '2025-10-27 02:00:49'),
    (295, 9, 'success', '2025-10-30 09:00:00', '2025-10-30 09:00:15', 'クリーンアップ完了: 14 ファイル', '2025-10-30 09:00:15'),
    (296, 9, 'success', '2025-11-08 01:00:00', '2025-11-08 01:01:16', 'アーカイブ完了: 3 件', '2025-11-08 01:01:16'),
    (297, 9, 'success', '2025-11-20 09:00:00', '2025-11-20 09:02:06', 'アーカイブ完了: 4 件', '2025-11-20 09:02:06'),
    (298, 9, 'success', '2025-12-01 03:00:00', '2025-12-01 03:00:27', '削除完了: 28 件', '2025-12-01 03:00:27'),
    (299, 9, 'success', '2025-12-07 07:00:00', '2025-12-07 07:01:57', 'クリーンアップ完了: 9 ファイル', '2025-12-07 07:01:57'),
    (300, 9, 'success', '2025-12-10 09:00:00', '2025-12-10 09:02:27', 'アーカイブ完了: 30 件', '2025-12-10 09:02:27'),
    (301, 9, 'success', '2025-12-13 00:00:00', '2025-12-13 00:01:22', '削除完了: 22 件', '2025-12-13 00:01:22'),
    (302, 9, 'success', '2025-12-20 04:00:00', '2025-12-20 04:01:34', 'クリーンアップ完了: 10 ファイル', '2025-12-20 04:01:34'),
    (303, 9, 'success', '2025-12-28 07:00:00', '2025-12-28 07:01:33', 'アーカイブ完了: 17 件', '2025-12-28 07:01:33'),
    (304, 9, 'success', '2025-12-31 09:00:00', '2025-12-31 09:00:22', '削除完了: 28 件', '2025-12-31 09:00:22'),
    (305, 9, 'failure', '2026-01-04 04:00:00', '2026-01-04 04:00:10', 'SMTP 接続タイムアウト', '2026-01-04 04:00:10'),
    (306, 9, 'failure', '2026-01-05 08:00:00', '2026-01-05 08:00:10', 'データベース接続エラー', '2026-01-05 08:00:10'),
    (307, 9, 'success', '2026-01-15 06:00:00', '2026-01-15 06:02:33', '削除完了: 17 件', '2026-01-15 06:02:33'),
    (308, 9, 'success', '2026-01-24 08:00:00', '2026-01-24 08:02:02', '削除完了: 11 件', '2026-01-24 08:02:02'),
    (309, 10, 'success', '2025-07-10 09:00:00', '2025-07-10 09:01:16', 'トークン更新完了', '2025-07-10 09:01:16'),
    (310, 10, 'failure', '2025-07-17 05:00:00', '2025-07-17 05:00:10', '外部 API 接続エラー', '2025-07-17 05:00:10'),
    (311, 10, 'success', '2025-07-31 09:00:00', '2025-07-31 09:02:57', 'トークン更新完了', '2025-07-31 09:02:57'),
    (312, 10, 'success', '2025-08-03 02:00:00', '2025-08-03 02:02:26', 'トークン更新完了', '2025-08-03 02:02:26'),
    (313, 10, 'failure', '2025-08-15 07:00:00', '2025-08-15 07:00:10', 'ネットワークタイムアウト', '2025-08-15 07:00:10'),
    (314, 10, 'success', '2025-08-23 03:00:00', '2025-08-23 03:00:18', '同期完了: 追加 1 件, 更新 10 件', '2025-08-23 03:00:18'),
    (315, 10, 'success', '2025-08-27 08:00:00', '2025-08-27 08:01:34', 'バックアップ完了: 28 テーブル', '2025-08-27 08:01:34'),
    (316, 10, 'success', '2025-08-28 05:00:00', '2025-08-28 05:00:28', 'トークン更新完了', '2025-08-28 05:00:28'),
    (317, 10, 'success', '2025-09-11 04:00:00', '2025-09-11 04:02:30', '同期完了: 追加 12 件, 更新 10 件', '2025-09-11 04:02:30'),
    (318, 10, 'success', '2025-09-18 05:00:00', '2025-09-18 05:02:32', '同期完了: 追加 16 件, 更新 4 件', '2025-09-18 05:02:32'),
    (319, 10, 'success', '2025-09-25 03:00:00', '2025-09-25 03:02:14', 'バックアップ完了: 15 テーブル', '2025-09-25 03:02:14'),
    (320, 10, 'success', '2025-10-05 00:00:00', '2025-10-05 00:02:10', 'バックアップ完了: 5 テーブル', '2025-10-05 00:02:10'),
    (321, 10, 'success', '2025-10-07 08:00:00', '2025-10-07 08:02:46', '同期完了: 追加 5 件, 更新 2 件', '2025-10-07 08:02:46'),
    (322, 10, 'success', '2025-10-13 09:00:00', '2025-10-13 09:00:32', 'バックアップ完了: 25 テーブル', '2025-10-13 09:00:32'),
    (323, 10, 'success', '2025-10-25 01:00:00', '2025-10-25 01:02:05', 'バックアップ完了: 6 テーブル', '2025-10-25 01:02:05'),
    (324, 10, 'success', '2025-10-28 06:00:00', '2025-10-28 06:00:07', '同期完了: 追加 18 件, 更新 9 件', '2025-10-28 06:00:07'),
    (325, 10, 'success', '2025-10-31 02:00:00', '2025-10-31 02:02:43', 'トークン更新完了', '2025-10-31 02:02:43'),
    (326, 10, 'success', '2025-11-03 04:00:00', '2025-11-03 04:00:48', 'バックアップ完了: 19 テーブル', '2025-11-03 04:00:48'),
    (327, 10, 'success', '2025-11-14 00:00:00', '2025-11-14 00:02:51', '同期完了: 追加 6 件, 更新 7 件', '2025-11-14 00:02:51'),
    (328, 10, 'success', '2025-11-24 07:00:00', '2025-11-24 07:02:05', 'バックアップ完了: 19 テーブル', '2025-11-24 07:02:05'),
    (329, 10, 'success', '2025-12-07 09:00:00', '2025-12-07 09:00:48', 'トークン更新完了', '2025-12-07 09:00:48'),
    (330, 10, 'success', '2025-12-19 05:00:00', '2025-12-19 05:01:58', '同期完了: 追加 7 件, 更新 6 件', '2025-12-19 05:01:58'),
    (331, 10, 'failure', '2025-12-26 02:00:00', '2025-12-26 02:00:10', 'データベース接続エラー', '2025-12-26 02:00:10'),
    (332, 10, 'success', '2026-01-09 08:00:00', '2026-01-09 08:02:57', '同期完了: 追加 19 件, 更新 1 件', '2026-01-09 08:02:57'),
    (333, 10, 'success', '2026-01-12 07:00:00', '2026-01-12 07:02:39', 'トークン更新完了', '2026-01-12 07:02:39'),
    (334, 10, 'success', '2026-01-14 07:00:00', '2026-01-14 07:02:50', 'トークン更新完了', '2026-01-14 07:02:50'),
    (335, 10, 'success', '2026-01-27 06:00:00', '2026-01-27 06:02:15', '同期完了: 追加 22 件, 更新 8 件', '2026-01-27 06:02:15');

SELECT setval('job_logs_id_seq', 335);
